id,diamond_clarity,diamond_color,diamond_shape,carat_start,carat_end,factor
2,SI,IJ,Round,0.05,0.09,9.9
4,SI,IJ,Round,0.15,0.19,10.85
5,SI,IJ,Round,0.2,0.24,15.84
6,SI1,I,Round,0.25,0.29,15.84
7,SI1,J,Round,0.25,0.29,15.84
8,SI2,I,Round,0.25,0.29,15.84
9,SI2,J,Round,0.25,0.29,15.84
10,VS,GH,Round,0.0,0.04,13.65
11,VS,GH,Round,0.05,0.09,13.65
12,VS,GH,Round,0.1,0.14,14.95
13,VS,GH,Round,0.15,0.19,14.95
14,VS,GH,Round,0.2,0.24,21.83
15,VS1,G,Round,0.25,0.29,21.83
16,VS1,H,Round,0.25,0.29,21.83
17,VS2,G,Round,0.25,0.29,21.83
18,VS2,H,Round,0.25,0.29,21.83
20,VVS,EF,Round,0.05,0.09,15.8
21,VVS,EF,Round,0.1,0.14,17.3
22,VVS,EF,Round,0.15,0.19,17.3
23,VVS,EF,Round,0.2,0.24,25.25
24,VVS1,E,Round,0.25,0.29,25.25
25,VVS1,F,Round,0.25,0.29,25.25
26,VVS2,E,Round,0.25,0.29,25.25
27,VVS2,F,Round,0.25,0.29,25.25
28,IF,D,Round,0.3,0.39,42.8
29,VVS1,D,Round,0.3,0.39,33.17
30,VVS2,D,Round,0.3,0.39,32.1
31,VS1,D,Round,0.3,0.39,29.96
32,VS2,D,Round,0.3,0.39,28.89
33,SI1,D,Round,0.3,0.39,26.75
34,SI2,D,Round,0.3,0.39,23.54
35,SI3,D,Round,0.3,0.39,19.26
36,I1,D,Round,0.3,0.39,17.12
37,I2,D,Round,0.3,0.39,11.77
38,I3,D,Round,0.3,0.39,7.49
40,VVS1,E,Round,0.3,0.39,31.03
41,VVS2,E,Round,0.3,0.39,29.96
42,VS1,E,Round,0.3,0.39,28.89
43,VS2,E,Round,0.3,0.39,27.82
44,SI1,E,Round,0.3,0.39,25.68
45,SI2,E,Round,0.3,0.39,22.47
46,SI3,E,Round,0.3,0.39,18.19
47,I1,E,Round,0.3,0.39,16.05
48,I2,E,Round,0.3,0.39,10.7
49,I3,E,Round,0.3,0.39,6.42
50,IF,F,Round,0.3,0.39,31.03
51,VVS1,F,Round,0.3,0.39,29.96
52,VVS2,F,Round,0.3,0.39,28.89
53,VS1,F,Round,0.3,0.39,27.82
54,VS2,F,Round,0.3,0.39,26.75
55,SI1,F,Round,0.3,0.39,24.61
57,SI3,F,Round,0.3,0.39,17.12
58,I1,F,Round,0.3,0.39,14.98
59,I2,F,Round,0.3,0.39,9.63
60,I3,F,Round,0.3,0.39,6.42
61,IF,G,Round,0.3,0.39,29.96
62,VVS1,G,Round,0.3,0.39,28.89
63,VVS2,G,Round,0.3,0.39,27.82
64,VS1,G,Round,0.3,0.39,26.75
65,VS2,G,Round,0.3,0.39,25.68
66,SI1,G,Round,0.3,0.39,23.54
67,SI2,G,Round,0.3,0.39,20.33
68,SI3,G,Round,0.3,0.39,16.05
69,I1,G,Round,0.3,0.39,13.91
70,I2,G,Round,0.3,0.39,8.56
71,I3,G,Round,0.3,0.39,5.35
72,IF,H,Round,0.3,0.39,27.82
74,VVS2,H,Round,0.3,0.39,25.68
75,VS1,H,Round,0.3,0.39,24.61
76,VS2,H,Round,0.3,0.39,23.54
77,SI1,H,Round,0.3,0.39,21.4
78,SI2,H,Round,0.3,0.39,18.19
79,SI3,H,Round,0.3,0.39,13.91
80,I1,H,Round,0.3,0.39,11.77
81,I2,H,Round,0.3,0.39,8.56
82,I3,H,Round,0.3,0.39,5.35
83,IF,I,Round,0.3,0.39,24.61
84,VVS1,I,Round,0.3,0.39,23.54
85,VVS2,I,Round,0.3,0.39,22.47
86,VS1,I,Round,0.3,0.39,21.4
87,VS2,I,Round,0.3,0.39,20.33
88,SI1,I,Round,0.3,0.39,19.26
89,SI2,I,Round,0.3,0.39,17.12
90,SI3,I,Round,0.3,0.39,12.84
91,I1,I,Round,0.3,0.39,10.7
93,I3,I,Round,0.3,0.39,5.35
94,IF,J,Round,0.3,0.39,22.47
95,VVS1,J,Round,0.3,0.39,21.4
96,VVS2,J,Round,0.3,0.39,20.33
97,VS1,J,Round,0.3,0.39,19.26
98,VS2,J,Round,0.3,0.39,17.12
99,SI1,J,Round,0.3,0.39,16.05
100,SI2,J,Round,0.3,0.39,14.98
101,SI3,J,Round,0.3,0.39,11.77
102,I1,J,Round,0.3,0.39,9.63
103,I2,J,Round,0.3,0.39,7.49
104,I3,J,Round,0.3,0.39,4.28
105,IF,K,Round,0.3,0.39,20.33
106,VVS1,K,Round,0.3,0.39,19.26
108,VS1,K,Round,0.3,0.39,16.05
109,VS2,K,Round,0.3,0.39,14.98
110,SI1,K,Round,0.3,0.39,13.91
111,SI2,K,Round,0.3,0.39,12.84
112,SI3,K,Round,0.3,0.39,10.7
113,I1,K,Round,0.3,0.39,8.56
114,I2,K,Round,0.3,0.39,6.42
115,I3,K,Round,0.3,0.39,4.28
116,IF,L,Round,0.3,0.39,18.19
117,VVS1,L,Round,0.3,0.39,17.12
118,VVS2,L,Round,0.3,0.39,16.05
119,VS1,L,Round,0.3,0.39,14.98
120,VS2,L,Round,0.3,0.39,13.91
121,SI1,L,Round,0.3,0.39,12.84
122,SI2,L,Round,0.3,0.39,10.7
123,SI3,L,Round,0.3,0.39,9.63
124,I1,L,Round,0.3,0.39,6.42
125,I2,L,Round,0.3,0.39,5.35
126,I3,L,Round,0.3,0.39,3.21
127,IF,M,Round,0.3,0.39,17.12
129,VVS2,M,Round,0.3,0.39,14.98
130,VS1,M,Round,0.3,0.39,13.91
131,VS2,M,Round,0.3,0.39,12.84
132,SI1,M,Round,0.3,0.39,11.77
133,SI2,M,Round,0.3,0.39,9.63
134,SI3,M,Round,0.3,0.39,8.56
135,I1,M,Round,0.3,0.39,5.35
136,I2,M,Round,0.3,0.39,4.28
137,I3,M,Round,0.3,0.39,3.21
138,IF,D,Round,0.4,0.49,51.36
139,VVS1,D,Round,0.4,0.49,40.66
140,VVS2,D,Round,0.4,0.49,37.45
141,VS1,D,Round,0.4,0.49,35.31
142,VS2,D,Round,0.4,0.49,33.17
143,SI1,D,Round,0.4,0.49,29.96
144,SI2,D,Round,0.4,0.49,25.68
145,SI3,D,Round,0.4,0.49,22.47
146,I1,D,Round,0.4,0.49,19.26
148,I3,D,Round,0.4,0.49,8.56
149,IF,E,Round,0.4,0.49,40.66
150,VVS1,E,Round,0.4,0.49,36.38
151,VVS2,E,Round,0.4,0.49,34.24
152,VS1,E,Round,0.4,0.49,33.17
153,VS2,E,Round,0.4,0.49,32.1
154,SI1,E,Round,0.4,0.49,27.82
155,SI2,E,Round,0.4,0.49,24.61
156,SI3,E,Round,0.4,0.49,21.4
157,I1,E,Round,0.4,0.49,18.19
158,I2,E,Round,0.4,0.49,11.77
159,I3,E,Round,0.4,0.49,7.49
162,VVS2,F,Round,0.4,0.49,33.17
163,VS1,F,Round,0.4,0.49,32.1
164,VS2,F,Round,0.4,0.49,31.03
165,SI1,F,Round,0.4,0.49,26.75
167,SI3,F,Round,0.4,0.49,20.33
168,I1,F,Round,0.4,0.49,17.12
169,I2,F,Round,0.4,0.49,11.77
170,I3,F,Round,0.4,0.49,7.49
171,IF,G,Round,0.4,0.49,34.24
172,VVS1,G,Round,0.4,0.49,33.17
173,VVS2,G,Round,0.4,0.49,32.1
174,VS1,G,Round,0.4,0.49,31.03
175,VS2,G,Round,0.4,0.49,29.96
176,SI1,G,Round,0.4,0.49,25.68
177,SI2,G,Round,0.4,0.49,22.47
178,SI3,G,Round,0.4,0.49,19.26
179,I1,G,Round,0.4,0.49,16.05
180,I2,G,Round,0.4,0.49,10.7
181,I3,G,Round,0.4,0.49,6.42
182,IF,H,Round,0.4,0.49,31.03
184,VVS2,H,Round,0.4,0.49,28.89
185,VS1,H,Round,0.4,0.49,27.82
186,VS2,H,Round,0.4,0.49,26.75
187,SI1,H,Round,0.4,0.49,24.61
188,SI2,H,Round,0.4,0.49,21.4
189,SI3,H,Round,0.4,0.49,17.12
190,I1,H,Round,0.4,0.49,14.98
191,I2,H,Round,0.4,0.49,9.63
192,I3,H,Round,0.4,0.49,6.42
193,IF,I,Round,0.4,0.49,26.75
194,VVS1,I,Round,0.4,0.49,25.68
195,VVS2,I,Round,0.4,0.49,24.61
196,VS1,I,Round,0.4,0.49,23.54
197,VS2,I,Round,0.4,0.49,22.47
198,SI1,I,Round,0.4,0.49,21.4
199,SI2,I,Round,0.4,0.49,19.26
200,SI3,I,Round,0.4,0.49,16.05
201,I1,I,Round,0.4,0.49,13.91
203,I3,I,Round,0.4,0.49,6.42
204,IF,J,Round,0.4,0.49,23.54
205,VVS1,J,Round,0.4,0.49,22.47
206,VVS2,J,Round,0.4,0.49,21.4
207,VS1,J,Round,0.4,0.49,20.33
208,VS2,J,Round,0.4,0.49,19.26
209,SI1,J,Round,0.4,0.49,18.19
210,SI2,J,Round,0.4,0.49,17.12
211,SI3,J,Round,0.4,0.49,14.98
212,I1,J,Round,0.4,0.49,12.84
213,I2,J,Round,0.4,0.49,8.56
214,I3,J,Round,0.4,0.49,5.35
215,IF,K,Round,0.4,0.49,21.4
216,VVS1,K,Round,0.4,0.49,20.33
218,VS1,K,Round,0.4,0.49,18.19
219,VS2,K,Round,0.4,0.49,17.12
220,SI1,K,Round,0.4,0.49,16.05
221,SI2,K,Round,0.4,0.49,14.98
222,SI3,K,Round,0.4,0.49,12.84
223,I1,K,Round,0.4,0.49,10.7
224,I2,K,Round,0.4,0.49,7.49
225,I3,K,Round,0.4,0.49,5.35
226,IF,L,Round,0.4,0.49,19.26
227,VVS1,L,Round,0.4,0.49,18.19
228,VVS2,L,Round,0.4,0.49,17.12
229,VS1,L,Round,0.4,0.49,16.05
230,VS2,L,Round,0.4,0.49,14.98
231,SI1,L,Round,0.4,0.49,13.91
232,SI2,L,Round,0.4,0.49,12.84
233,SI3,L,Round,0.4,0.49,10.7
234,I1,L,Round,0.4,0.49,8.56
161,VVS1,F,Round,0.4,0.49,35.31
236,I3,L,Round,0.4,0.49,4.28
237,IF,M,Round,0.4,0.49,18.19
238,VVS1,M,Round,0.4,0.49,17.12
239,VVS2,M,Round,0.4,0.49,16.05
240,VS1,M,Round,0.4,0.49,14.98
241,VS2,M,Round,0.4,0.49,13.91
242,SI1,M,Round,0.4,0.49,12.84
243,SI2,M,Round,0.4,0.49,11.77
244,SI3,M,Round,0.4,0.49,9.63
246,I2,M,Round,0.4,0.49,5.35
247,I3,M,Round,0.4,0.49,4.28
248,IF,D,Round,0.5,0.69,74.9
249,VVS1,D,Round,0.5,0.69,58.85
250,VVS2,D,Round,0.5,0.69,54.57
251,VS1,D,Round,0.5,0.69,49.22
252,VS2,D,Round,0.5,0.69,46.01
253,SI1,D,Round,0.5,0.69,39.59
254,SI2,D,Round,0.5,0.69,32.1
255,SI3,D,Round,0.5,0.69,27.82
256,I1,D,Round,0.5,0.69,23.54
257,I2,D,Round,0.5,0.69,17.12
258,I3,D,Round,0.5,0.69,11.77
259,IF,E,Round,0.5,0.69,58.85
261,VVS2,E,Round,0.5,0.69,49.22
262,VS1,E,Round,0.5,0.69,46.01
263,VS2,E,Round,0.5,0.69,42.8
264,SI1,E,Round,0.5,0.69,37.45
265,SI2,E,Round,0.5,0.69,29.96
266,SI3,E,Round,0.5,0.69,26.75
267,I1,E,Round,0.5,0.69,22.47
268,I2,E,Round,0.5,0.69,16.05
269,I3,E,Round,0.5,0.69,10.7
270,IF,F,Round,0.5,0.69,51.36
271,VVS1,F,Round,0.5,0.69,49.22
272,VVS2,F,Round,0.5,0.69,47.08
273,VS1,F,Round,0.5,0.69,43.87
274,VS2,F,Round,0.5,0.69,40.66
275,SI1,F,Round,0.5,0.69,35.31
276,SI2,F,Round,0.5,0.69,28.89
277,SI3,F,Round,0.5,0.69,25.68
278,I1,F,Round,0.5,0.69,21.4
279,I2,F,Round,0.5,0.69,14.98
280,I3,F,Round,0.5,0.69,10.7
282,VVS1,G,Round,0.5,0.69,43.87
283,VVS2,G,Round,0.5,0.69,41.73
284,VS1,G,Round,0.5,0.69,40.66
285,VS2,G,Round,0.5,0.69,38.52
286,SI1,G,Round,0.5,0.69,34.24
287,SI2,G,Round,0.5,0.69,27.82
288,SI3,G,Round,0.5,0.69,24.61
289,I1,G,Round,0.5,0.69,20.33
290,I2,G,Round,0.5,0.69,13.91
291,I3,G,Round,0.5,0.69,9.63
292,IF,H,Round,0.5,0.69,41.73
293,VVS1,H,Round,0.5,0.69,39.59
294,VVS2,H,Round,0.5,0.69,38.52
295,VS1,H,Round,0.5,0.69,37.45
296,VS2,H,Round,0.5,0.69,35.31
297,SI1,H,Round,0.5,0.69,33.17
299,SI3,H,Round,0.5,0.69,23.54
300,I1,H,Round,0.5,0.69,19.26
301,I2,H,Round,0.5,0.69,12.84
302,I3,H,Round,0.5,0.69,8.56
303,IF,I,Round,0.5,0.69,36.38
304,VVS1,I,Round,0.5,0.69,34.24
305,VVS2,I,Round,0.5,0.69,33.17
306,VS1,I,Round,0.5,0.69,32.1
307,VS2,I,Round,0.5,0.69,31.03
308,SI1,I,Round,0.5,0.69,28.89
309,SI2,I,Round,0.5,0.69,24.61
310,SI3,I,Round,0.5,0.69,22.47
311,I1,I,Round,0.5,0.69,17.12
312,I2,I,Round,0.5,0.69,11.77
313,I3,I,Round,0.5,0.69,8.56
314,IF,J,Round,0.5,0.69,31.03
316,VVS2,J,Round,0.5,0.69,28.89
317,VS1,J,Round,0.5,0.69,27.82
318,VS2,J,Round,0.5,0.69,26.75
319,SI1,J,Round,0.5,0.69,25.68
320,SI2,J,Round,0.5,0.69,23.54
321,SI3,J,Round,0.5,0.69,21.4
322,I1,J,Round,0.5,0.69,16.05
323,I2,J,Round,0.5,0.69,11.77
324,I3,J,Round,0.5,0.69,7.49
325,IF,K,Round,0.5,0.69,25.68
326,VVS1,K,Round,0.5,0.69,24.61
327,VVS2,K,Round,0.5,0.69,23.54
328,VS1,K,Round,0.5,0.69,22.47
329,VS2,K,Round,0.5,0.69,22.47
330,SI1,K,Round,0.5,0.69,21.4
331,SI2,K,Round,0.5,0.69,20.33
332,SI3,K,Round,0.5,0.69,18.19
333,I1,K,Round,0.5,0.69,13.91
335,I3,K,Round,0.5,0.69,7.49
336,IF,L,Round,0.5,0.69,22.47
337,VVS1,L,Round,0.5,0.69,21.4
338,VVS2,L,Round,0.5,0.69,21.4
339,VS1,L,Round,0.5,0.69,20.33
340,VS2,L,Round,0.5,0.69,19.26
341,SI1,L,Round,0.5,0.69,18.19
342,SI2,L,Round,0.5,0.69,17.12
343,SI3,L,Round,0.5,0.69,13.91
344,I1,L,Round,0.5,0.69,11.77
345,I2,L,Round,0.5,0.69,9.63
346,I3,L,Round,0.5,0.69,6.42
347,IF,M,Round,0.5,0.69,20.33
348,VVS1,M,Round,0.5,0.69,19.26
350,VS1,M,Round,0.5,0.69,18.19
351,VS2,M,Round,0.5,0.69,17.12
353,SI2,M,Round,0.5,0.69,14.98
354,SI3,M,Round,0.5,0.69,11.77
355,I1,M,Round,0.5,0.69,9.63
356,I2,M,Round,0.5,0.69,7.49
357,I3,M,Round,0.5,0.69,5.35
358,IF,D,Round,0.7,0.89,93.09
359,VVS1,D,Round,0.7,0.89,74.9
360,VVS2,D,Round,0.7,0.89,68.48
361,VS1,D,Round,0.7,0.89,64.2
362,VS2,D,Round,0.7,0.89,58.85
363,SI1,D,Round,0.7,0.89,50.29
364,SI2,D,Round,0.7,0.89,41.73
365,SI3,D,Round,0.7,0.89,36.38
367,I2,D,Round,0.7,0.89,21.4
368,I3,D,Round,0.7,0.89,13.91
369,IF,E,Round,0.7,0.89,74.9
370,VVS1,E,Round,0.7,0.89,69.55
371,VVS2,E,Round,0.7,0.89,65.27
372,VS1,E,Round,0.7,0.89,60.99
373,VS2,E,Round,0.7,0.89,55.64
374,SI1,E,Round,0.7,0.89,48.15
375,SI2,E,Round,0.7,0.89,39.59
376,SI3,E,Round,0.7,0.89,34.24
377,I1,E,Round,0.7,0.89,31.03
378,I2,E,Round,0.7,0.89,20.33
379,I3,E,Round,0.7,0.89,12.84
380,IF,F,Round,0.7,0.89,67.41
382,VVS2,F,Round,0.7,0.89,59.92
383,VS1,F,Round,0.7,0.89,56.71
384,VS2,F,Round,0.7,0.89,53.5
385,SI1,F,Round,0.7,0.89,46.01
386,SI2,F,Round,0.7,0.89,37.45
387,SI3,F,Round,0.7,0.89,32.1
388,I1,F,Round,0.7,0.89,28.89
389,I2,F,Round,0.7,0.89,19.26
390,I3,F,Round,0.7,0.89,12.84
391,IF,G,Round,0.7,0.89,62.06
392,VVS1,G,Round,0.7,0.89,56.71
393,VVS2,G,Round,0.7,0.89,54.57
394,VS1,G,Round,0.7,0.89,52.43
395,VS2,G,Round,0.7,0.89,49.22
396,SI1,G,Round,0.7,0.89,43.87
397,SI2,G,Round,0.7,0.89,35.31
398,SI3,G,Round,0.7,0.89,31.03
399,I1,G,Round,0.7,0.89,27.82
400,I2,G,Round,0.7,0.89,18.19
401,I3,G,Round,0.7,0.89,11.77
403,VVS1,H,Round,0.7,0.89,51.36
404,VVS2,H,Round,0.7,0.89,49.22
405,VS1,H,Round,0.7,0.89,47.08
406,VS2,H,Round,0.7,0.89,44.94
407,SI1,H,Round,0.7,0.89,40.66
408,SI2,H,Round,0.7,0.89,33.17
409,SI3,H,Round,0.7,0.89,28.89
410,I1,H,Round,0.7,0.89,25.68
411,I2,H,Round,0.7,0.89,17.12
412,I3,H,Round,0.7,0.89,10.7
413,IF,I,Round,0.7,0.89,48.15
414,VVS1,I,Round,0.7,0.89,43.87
415,VVS2,I,Round,0.7,0.89,41.73
416,VS1,I,Round,0.7,0.89,40.66
417,VS2,I,Round,0.7,0.89,39.59
418,SI1,I,Round,0.7,0.89,36.38
420,SI3,I,Round,0.7,0.89,26.75
421,I1,I,Round,0.7,0.89,23.54
422,I2,I,Round,0.7,0.89,16.05
423,I3,I,Round,0.7,0.89,10.7
424,IF,J,Round,0.7,0.89,39.59
425,VVS1,J,Round,0.7,0.89,36.38
426,VVS2,J,Round,0.7,0.89,35.31
427,VS1,J,Round,0.7,0.89,34.24
428,VS2,J,Round,0.7,0.89,33.17
429,SI1,J,Round,0.7,0.89,31.03
430,SI2,J,Round,0.7,0.89,27.82
431,SI3,J,Round,0.7,0.89,24.61
432,I1,J,Round,0.7,0.89,21.4
433,I2,J,Round,0.7,0.89,14.98
434,I3,J,Round,0.7,0.89,9.63
435,IF,K,Round,0.7,0.89,35.31
437,VVS2,K,Round,0.7,0.89,29.96
438,VS1,K,Round,0.7,0.89,28.89
439,VS2,K,Round,0.7,0.89,27.82
440,SI1,K,Round,0.7,0.89,25.68
441,SI2,K,Round,0.7,0.89,23.54
442,SI3,K,Round,0.7,0.89,20.33
443,I1,K,Round,0.7,0.89,18.19
444,I2,K,Round,0.7,0.89,13.91
445,I3,K,Round,0.7,0.89,8.56
446,IF,L,Round,0.7,0.89,29.96
447,VVS1,L,Round,0.7,0.89,28.89
448,VVS2,L,Round,0.7,0.89,26.75
449,VS1,L,Round,0.7,0.89,25.68
450,VS2,L,Round,0.7,0.89,24.61
451,SI1,L,Round,0.7,0.89,23.54
452,SI2,L,Round,0.7,0.89,21.4
453,SI3,L,Round,0.7,0.89,17.12
454,I1,L,Round,0.7,0.89,14.98
456,I3,L,Round,0.7,0.89,7.49
457,IF,M,Round,0.7,0.89,26.75
458,VVS1,M,Round,0.7,0.89,25.68
459,VVS2,M,Round,0.7,0.89,24.61
460,VS1,M,Round,0.7,0.89,23.54
461,VS2,M,Round,0.7,0.89,22.47
462,SI1,M,Round,0.7,0.89,21.4
463,SI2,M,Round,0.7,0.89,19.26
464,SI3,M,Round,0.7,0.89,14.98
465,I1,M,Round,0.7,0.89,12.84
466,I2,M,Round,0.7,0.89,9.63
467,I3,M,Round,0.7,0.89,6.42
468,IF,D,Round,0.9,0.99,146.59
470,VVS2,D,Round,0.9,0.99,104.86
471,VS1,D,Round,0.9,0.99,90.95
472,VS2,D,Round,0.9,0.99,80.25
473,SI1,D,Round,0.9,0.99,69.55
474,SI2,D,Round,0.9,0.99,60.99
475,SI3,D,Round,0.9,0.99,50.29
476,I1,D,Round,0.9,0.99,40.66
477,I2,D,Round,0.9,0.99,23.54
478,I3,D,Round,0.9,0.99,16.05
479,IF,E,Round,0.9,0.99,121.98
481,VVS2,E,Round,0.9,0.99,96.3
482,VS1,E,Round,0.9,0.99,82.39
483,VS2,E,Round,0.9,0.99,75.97
484,SI1,E,Round,0.9,0.99,65.27
485,SI2,E,Round,0.9,0.99,57.78
486,SI3,E,Round,0.9,0.99,47.08
487,I1,E,Round,0.9,0.99,39.59
488,I2,E,Round,0.9,0.99,22.47
489,I3,E,Round,0.9,0.99,14.98
490,IF,F,Round,0.9,0.99,105.93
491,VVS1,F,Round,0.9,0.99,96.3
492,VVS2,F,Round,0.9,0.99,85.6
493,VS1,F,Round,0.9,0.99,77.04
494,VS2,F,Round,0.9,0.99,71.69
495,SI1,F,Round,0.9,0.99,62.06
496,SI2,F,Round,0.9,0.99,53.5
497,SI3,F,Round,0.9,0.99,44.94
498,I1,F,Round,0.9,0.99,38.52
499,I2,F,Round,0.9,0.99,21.4
501,IF,G,Round,0.9,0.99,94.16
626,VS2,H,Round,1.0,1.49,81.32
502,VVS1,G,Round,0.9,0.99,85.6
503,VVS2,G,Round,0.9,0.99,77.04
504,VS1,G,Round,0.9,0.99,71.69
505,VS2,G,Round,0.9,0.99,66.34
506,SI1,G,Round,0.9,0.99,58.85
507,SI2,G,Round,0.9,0.99,50.29
508,SI3,G,Round,0.9,0.99,42.8
509,I1,G,Round,0.9,0.99,36.38
510,I2,G,Round,0.9,0.99,20.33
511,I3,G,Round,0.9,0.99,13.91
512,IF,H,Round,0.9,0.99,83.46
513,VVS1,H,Round,0.9,0.99,74.9
514,VVS2,H,Round,0.9,0.99,70.62
515,VS1,H,Round,0.9,0.99,66.34
516,VS2,H,Round,0.9,0.99,62.06
518,SI2,H,Round,0.9,0.99,47.08
519,SI3,H,Round,0.9,0.99,39.59
520,I1,H,Round,0.9,0.99,34.24
521,I2,H,Round,0.9,0.99,19.26
522,I3,H,Round,0.9,0.99,13.91
523,IF,I,Round,0.9,0.99,70.62
524,VVS1,I,Round,0.9,0.99,64.2
525,VVS2,I,Round,0.9,0.99,60.99
526,VS1,I,Round,0.9,0.99,57.78
527,VS2,I,Round,0.9,0.99,54.57
528,SI1,I,Round,0.9,0.99,51.36
529,SI2,I,Round,0.9,0.99,44.94
530,SI3,I,Round,0.9,0.99,36.38
531,I1,I,Round,0.9,0.99,32.1
532,I2,I,Round,0.9,0.99,18.19
533,I3,I,Round,0.9,0.99,12.84
535,VVS1,J,Round,0.9,0.99,52.43
536,VVS2,J,Round,0.9,0.99,50.29
537,VS1,J,Round,0.9,0.99,48.15
538,VS2,J,Round,0.9,0.99,46.01
539,SI1,J,Round,0.9,0.99,43.87
540,SI2,J,Round,0.9,0.99,39.59
541,SI3,J,Round,0.9,0.99,32.1
542,I1,J,Round,0.9,0.99,27.82
543,I2,J,Round,0.9,0.99,17.12
544,I3,J,Round,0.9,0.99,11.77
545,IF,K,Round,0.9,0.99,46.01
546,VVS1,K,Round,0.9,0.99,43.87
547,VVS2,K,Round,0.9,0.99,41.73
548,VS1,K,Round,0.9,0.99,39.59
549,VS2,K,Round,0.9,0.99,37.45
550,SI1,K,Round,0.9,0.99,35.31
552,SI3,K,Round,0.9,0.99,27.82
553,I1,K,Round,0.9,0.99,24.61
554,I2,K,Round,0.9,0.99,16.05
555,I3,K,Round,0.9,0.99,10.7
556,IF,L,Round,0.9,0.99,40.66
557,VVS1,L,Round,0.9,0.99,39.59
558,VVS2,L,Round,0.9,0.99,37.45
559,VS1,L,Round,0.9,0.99,36.38
560,VS2,L,Round,0.9,0.99,34.24
561,SI1,L,Round,0.9,0.99,32.1
562,SI2,L,Round,0.9,0.99,28.89
563,SI3,L,Round,0.9,0.99,24.61
564,I1,L,Round,0.9,0.99,21.4
565,I2,L,Round,0.9,0.99,14.98
566,I3,L,Round,0.9,0.99,9.63
567,IF,M,Round,0.9,0.99,37.45
569,VVS2,M,Round,0.9,0.99,34.24
570,VS1,M,Round,0.9,0.99,32.1
571,VS2,M,Round,0.9,0.99,31.03
572,SI1,M,Round,0.9,0.99,28.89
573,SI2,M,Round,0.9,0.99,25.68
574,SI3,M,Round,0.9,0.99,22.47
575,I1,M,Round,0.9,0.99,18.19
576,I2,M,Round,0.9,0.99,12.84
577,I3,M,Round,0.9,0.99,8.56
578,IF,D,Round,1.0,1.49,216.14
579,VVS1,D,Round,1.0,1.49,170.13
580,VVS2,D,Round,1.0,1.49,150.87
581,VS1,D,Round,1.0,1.49,130.54
582,VS2,D,Round,1.0,1.49,115.56
583,SI1,D,Round,1.0,1.49,92.02
584,SI2,D,Round,1.0,1.49,74.9
585,SI3,D,Round,1.0,1.49,62.06
587,I2,D,Round,1.0,1.49,28.89
588,I3,D,Round,1.0,1.49,18.19
589,IF,E,Round,1.0,1.49,162.64
590,VVS1,E,Round,1.0,1.49,149.8
591,VVS2,E,Round,1.0,1.49,125.19
592,VS1,E,Round,1.0,1.49,115.56
593,VS2,E,Round,1.0,1.49,102.72
594,SI1,E,Round,1.0,1.49,87.74
595,SI2,E,Round,1.0,1.49,71.69
597,I1,E,Round,1.0,1.49,48.15
598,I2,E,Round,1.0,1.49,27.82
599,I3,E,Round,1.0,1.49,17.12
600,IF,F,Round,1.0,1.49,139.1
601,VVS1,F,Round,1.0,1.49,128.4
602,VVS2,F,Round,1.0,1.49,114.49
603,VS1,F,Round,1.0,1.49,109.14
604,VS2,F,Round,1.0,1.49,96.3
605,SI1,F,Round,1.0,1.49,84.53
606,SI2,F,Round,1.0,1.49,68.48
607,SI3,F,Round,1.0,1.49,57.78
608,I1,F,Round,1.0,1.49,47.08
609,I2,F,Round,1.0,1.49,26.75
610,I3,F,Round,1.0,1.49,16.05
611,IF,G,Round,1.0,1.49,114.49
613,VVS2,G,Round,1.0,1.49,101.65
614,VS1,G,Round,1.0,1.49,96.3
615,VS2,G,Round,1.0,1.49,88.81
616,SI1,G,Round,1.0,1.49,79.18
617,SI2,G,Round,1.0,1.49,64.2
618,SI3,G,Round,1.0,1.49,55.64
619,I1,G,Round,1.0,1.49,44.94
620,I2,G,Round,1.0,1.49,25.68
621,I3,G,Round,1.0,1.49,14.98
622,IF,H,Round,1.0,1.49,96.3
623,VVS1,H,Round,1.0,1.49,90.95
624,VVS2,H,Round,1.0,1.49,87.74
625,VS1,H,Round,1.0,1.49,85.6
627,SI1,H,Round,1.0,1.49,72.76
628,SI2,H,Round,1.0,1.49,60.99
629,SI3,H,Round,1.0,1.49,52.43
630,I1,H,Round,1.0,1.49,42.8
631,I2,H,Round,1.0,1.49,24.61
633,IF,I,Round,1.0,1.49,81.32
634,VVS1,I,Round,1.0,1.49,77.04
635,VVS2,I,Round,1.0,1.49,74.9
636,VS1,I,Round,1.0,1.49,72.76
637,VS2,I,Round,1.0,1.49,70.62
638,SI1,I,Round,1.0,1.49,66.34
639,SI2,I,Round,1.0,1.49,56.71
640,SI3,I,Round,1.0,1.49,49.22
641,I1,I,Round,1.0,1.49,38.52
642,I2,I,Round,1.0,1.49,23.54
643,I3,I,Round,1.0,1.49,13.91
644,IF,J,Round,1.0,1.49,67.41
645,VVS1,J,Round,1.0,1.49,65.27
646,VVS2,J,Round,1.0,1.49,64.2
647,VS1,J,Round,1.0,1.49,63.13
648,VS2,J,Round,1.0,1.49,60.99
650,SI2,J,Round,1.0,1.49,51.36
651,SI3,J,Round,1.0,1.49,44.94
652,I1,J,Round,1.0,1.49,35.31
653,I2,J,Round,1.0,1.49,21.4
654,I3,J,Round,1.0,1.49,13.91
655,IF,K,Round,1.0,1.49,56.71
656,VVS1,K,Round,1.0,1.49,54.57
657,VVS2,K,Round,1.0,1.49,52.43
658,VS1,K,Round,1.0,1.49,50.29
659,VS2,K,Round,1.0,1.49,48.15
660,SI1,K,Round,1.0,1.49,46.01
661,SI2,K,Round,1.0,1.49,41.73
662,SI3,K,Round,1.0,1.49,38.52
663,I1,K,Round,1.0,1.49,33.17
664,I2,K,Round,1.0,1.49,19.26
665,I3,K,Round,1.0,1.49,12.84
667,VVS1,L,Round,1.0,1.49,49.22
668,VVS2,L,Round,1.0,1.49,48.15
669,VS1,L,Round,1.0,1.49,46.01
670,VS2,L,Round,1.0,1.49,43.87
671,SI1,L,Round,1.0,1.49,40.66
672,SI2,L,Round,1.0,1.49,37.45
673,SI3,L,Round,1.0,1.49,35.31
674,I1,L,Round,1.0,1.49,31.03
675,I2,L,Round,1.0,1.49,18.19
676,I3,L,Round,1.0,1.49,11.77
677,IF,M,Round,1.0,1.49,46.01
678,VVS1,M,Round,1.0,1.49,43.87
679,VVS2,M,Round,1.0,1.49,41.73
680,VS1,M,Round,1.0,1.49,40.66
681,VS2,M,Round,1.0,1.49,38.52
682,SI1,M,Round,1.0,1.49,36.38
684,SI3,M,Round,1.0,1.49,29.96
685,I1,M,Round,1.0,1.49,27.82
686,I2,M,Round,1.0,1.49,17.12
687,I3,M,Round,1.0,1.49,11.77
688,IF,D,Round,1.5,1.99,283.55
689,VVS1,D,Round,1.5,1.99,222.56
690,VVS2,D,Round,1.5,1.99,190.46
691,VS1,D,Round,1.5,1.99,171.2
692,VS2,D,Round,1.5,1.99,151.94
693,SI1,D,Round,1.5,1.99,115.56
694,SI2,D,Round,1.5,1.99,94.16
695,SI3,D,Round,1.5,1.99,74.9
696,I1,D,Round,1.5,1.99,57.78
697,I2,D,Round,1.5,1.99,33.17
698,I3,D,Round,1.5,1.99,19.26
699,IF,E,Round,1.5,1.99,222.56
701,VVS2,E,Round,1.5,1.99,170.13
702,VS1,E,Round,1.5,1.99,159.43
749,SI2,I,Round,1.5,1.99,70.62
758,VS2,J,Round,1.5,1.99,71.69
759,SI1,J,Round,1.5,1.99,68.48
760,SI2,J,Round,1.5,1.99,62.06
703,VS2,E,Round,1.5,1.99,140.17
704,SI1,E,Round,1.5,1.99,112.35
705,SI2,E,Round,1.5,1.99,90.95
706,SI3,E,Round,1.5,1.99,72.76
707,I1,E,Round,1.5,1.99,54.57
708,I2,E,Round,1.5,1.99,32.1
709,I3,E,Round,1.5,1.99,18.19
711,VVS1,F,Round,1.5,1.99,173.34
712,VVS2,F,Round,1.5,1.99,149.8
713,VS1,F,Round,1.5,1.99,140.17
714,VS2,F,Round,1.5,1.99,126.26
715,SI1,F,Round,1.5,1.99,107.0
716,SI2,F,Round,1.5,1.99,85.6
717,SI3,F,Round,1.5,1.99,69.55
718,I1,F,Round,1.5,1.99,53.5
719,I2,F,Round,1.5,1.99,31.03
720,I3,F,Round,1.5,1.99,17.12
721,IF,G,Round,1.5,1.99,155.15
722,VVS1,G,Round,1.5,1.99,145.52
723,VVS2,G,Round,1.5,1.99,130.54
724,VS1,G,Round,1.5,1.99,121.98
725,VS2,G,Round,1.5,1.99,115.56
726,SI1,G,Round,1.5,1.99,101.65
728,SI3,G,Round,1.5,1.99,68.48
729,I1,G,Round,1.5,1.99,52.43
730,I2,G,Round,1.5,1.99,29.96
731,I3,G,Round,1.5,1.99,17.12
732,IF,H,Round,1.5,1.99,124.12
733,VVS1,H,Round,1.5,1.99,119.84
734,VVS2,H,Round,1.5,1.99,110.21
735,VS1,H,Round,1.5,1.99,104.86
736,VS2,H,Round,1.5,1.99,100.58
739,SI3,H,Round,1.5,1.99,64.2
740,I1,H,Round,1.5,1.99,50.29
741,I2,H,Round,1.5,1.99,28.89
742,I3,H,Round,1.5,1.99,17.12
743,IF,I,Round,1.5,1.99,100.58
745,VVS2,I,Round,1.5,1.99,90.95
746,VS1,I,Round,1.5,1.99,87.74
747,VS2,I,Round,1.5,1.99,84.53
750,SI3,I,Round,1.5,1.99,58.85
751,I1,I,Round,1.5,1.99,46.01
752,I2,I,Round,1.5,1.99,26.75
753,I3,I,Round,1.5,1.99,16.05
754,IF,J,Round,1.5,1.99,84.53
755,VVS1,J,Round,1.5,1.99,79.18
756,VVS2,J,Round,1.5,1.99,77.04
757,VS1,J,Round,1.5,1.99,74.9
761,SI3,J,Round,1.5,1.99,51.36
762,I1,J,Round,1.5,1.99,40.66
763,I2,J,Round,1.5,1.99,24.61
764,I3,J,Round,1.5,1.99,16.05
765,IF,K,Round,1.5,1.99,71.69
766,VVS1,K,Round,1.5,1.99,68.48
767,VVS2,K,Round,1.5,1.99,66.34
768,VS1,K,Round,1.5,1.99,62.06
769,VS2,K,Round,1.5,1.99,58.85
771,SI2,K,Round,1.5,1.99,51.36
772,SI3,K,Round,1.5,1.99,44.94
773,I1,K,Round,1.5,1.99,37.45
774,I2,K,Round,1.5,1.99,21.4
775,I3,K,Round,1.5,1.99,14.98
776,IF,L,Round,1.5,1.99,60.99
777,VVS1,L,Round,1.5,1.99,58.85
778,VVS2,L,Round,1.5,1.99,56.71
779,VS1,L,Round,1.5,1.99,52.43
780,VS2,L,Round,1.5,1.99,49.22
781,SI1,L,Round,1.5,1.99,47.08
782,SI2,L,Round,1.5,1.99,43.87
783,SI3,L,Round,1.5,1.99,40.66
784,I1,L,Round,1.5,1.99,34.24
785,I2,L,Round,1.5,1.99,20.33
786,I3,L,Round,1.5,1.99,13.91
788,VVS1,M,Round,1.5,1.99,49.22
789,VVS2,M,Round,1.5,1.99,47.08
790,VS1,M,Round,1.5,1.99,44.94
791,VS2,M,Round,1.5,1.99,42.8
792,SI1,M,Round,1.5,1.99,40.66
793,SI2,M,Round,1.5,1.99,38.52
794,SI3,M,Round,1.5,1.99,35.31
795,I1,M,Round,1.5,1.99,29.96
796,I2,M,Round,1.5,1.99,19.26
797,I3,M,Round,1.5,1.99,13.91
798,IF,D,Round,2.0,2.99,470.8
799,VVS1,D,Round,2.0,2.99,369.15
800,VVS2,D,Round,2.0,2.99,321.0
801,VS1,D,Round,2.0,2.99,278.2
802,VS2,D,Round,2.0,2.99,208.65
803,SI1,D,Round,2.0,2.99,165.85
805,SI3,D,Round,2.0,2.99,86.67
806,I1,D,Round,2.0,2.99,68.48
807,I2,D,Round,2.0,2.99,35.31
808,I3,D,Round,2.0,2.99,20.33
809,IF,E,Round,2.0,2.99,342.4
810,VVS1,E,Round,2.0,2.99,310.3
811,VVS2,E,Round,2.0,2.99,272.85
812,VS1,E,Round,2.0,2.99,240.75
813,VS2,E,Round,2.0,2.99,192.6
814,SI1,E,Round,2.0,2.99,155.15
815,SI2,E,Round,2.0,2.99,117.7
816,SI3,E,Round,2.0,2.99,83.46
817,I1,E,Round,2.0,2.99,66.34
818,I2,E,Round,2.0,2.99,34.24
819,I3,E,Round,2.0,2.99,19.26
738,SI2,H,Round,1.5,1.99,78.11
914,SI2,D,Round,3.0,3.99,187.25
925,SI2,E,Round,3.0,3.99,176.55
936,SI2,F,Round,3.0,3.99,165.85
820,IF,F,Round,2.0,2.99,299.6
821,VVS1,F,Round,2.0,2.99,267.5
822,VVS2,F,Round,2.0,2.99,240.75
823,VS1,F,Round,2.0,2.99,203.3
824,VS2,F,Round,2.0,2.99,176.55
826,SI2,F,Round,2.0,2.99,112.35
827,SI3,F,Round,2.0,2.99,80.25
828,I1,F,Round,2.0,2.99,64.2
829,I2,F,Round,2.0,2.99,33.17
830,I3,F,Round,2.0,2.99,18.19
831,IF,G,Round,2.0,2.99,240.75
832,VVS1,G,Round,2.0,2.99,214.0
833,VVS2,G,Round,2.0,2.99,192.6
834,VS1,G,Round,2.0,2.99,171.2
835,VS2,G,Round,2.0,2.99,155.15
836,SI1,G,Round,2.0,2.99,133.75
837,SI2,G,Round,2.0,2.99,107.0
838,SI3,G,Round,2.0,2.99,74.9
839,I1,G,Round,2.0,2.99,62.06
840,I2,G,Round,2.0,2.99,32.1
841,I3,G,Round,2.0,2.99,17.12
843,VVS1,H,Round,2.0,2.99,176.55
844,VVS2,H,Round,2.0,2.99,165.85
845,VS1,H,Round,2.0,2.99,149.8
846,VS2,H,Round,2.0,2.99,133.75
847,SI1,H,Round,2.0,2.99,117.7
848,SI2,H,Round,2.0,2.99,101.65
849,SI3,H,Round,2.0,2.99,69.55
850,I1,H,Round,2.0,2.99,58.85
851,I2,H,Round,2.0,2.99,31.03
852,I3,H,Round,2.0,2.99,17.12
853,IF,I,Round,2.0,2.99,139.1
854,VVS1,I,Round,2.0,2.99,133.75
855,VVS2,I,Round,2.0,2.99,128.4
856,VS1,I,Round,2.0,2.99,119.84
857,VS2,I,Round,2.0,2.99,112.35
858,SI1,I,Round,2.0,2.99,101.65
861,I1,I,Round,2.0,2.99,54.57
862,I2,I,Round,2.0,2.99,28.89
863,I3,I,Round,2.0,2.99,17.12
864,IF,J,Round,2.0,2.99,112.35
865,VVS1,J,Round,2.0,2.99,107.0
866,VVS2,J,Round,2.0,2.99,101.65
867,VS1,J,Round,2.0,2.99,96.3
868,VS2,J,Round,2.0,2.99,90.95
869,SI1,J,Round,2.0,2.99,85.6
871,SI3,J,Round,2.0,2.99,58.85
872,I1,J,Round,2.0,2.99,50.29
873,I2,J,Round,2.0,2.99,25.68
874,I3,J,Round,2.0,2.99,16.05
875,IF,K,Round,2.0,2.99,101.65
877,VVS2,K,Round,2.0,2.99,85.6
878,VS1,K,Round,2.0,2.99,80.25
879,VS2,K,Round,2.0,2.99,74.9
880,SI1,K,Round,2.0,2.99,69.55
881,SI2,K,Round,2.0,2.99,64.2
882,SI3,K,Round,2.0,2.99,53.5
883,I1,K,Round,2.0,2.99,44.94
884,I2,K,Round,2.0,2.99,24.61
885,I3,K,Round,2.0,2.99,16.05
886,IF,L,Round,2.0,2.99,85.6
887,VVS1,L,Round,2.0,2.99,80.25
888,VVS2,L,Round,2.0,2.99,74.9
889,VS1,L,Round,2.0,2.99,69.55
890,VS2,L,Round,2.0,2.99,64.2
891,SI1,L,Round,2.0,2.99,58.85
892,SI2,L,Round,2.0,2.99,53.5
893,SI3,L,Round,2.0,2.99,48.15
894,I1,L,Round,2.0,2.99,39.59
895,I2,L,Round,2.0,2.99,23.54
896,I3,L,Round,2.0,2.99,14.98
898,VVS1,M,Round,2.0,2.99,70.62
899,VVS2,M,Round,2.0,2.99,67.41
900,VS1,M,Round,2.0,2.99,64.2
901,VS2,M,Round,2.0,2.99,58.85
902,SI1,M,Round,2.0,2.99,53.5
903,SI2,M,Round,2.0,2.99,49.22
904,SI3,M,Round,2.0,2.99,41.73
905,I1,M,Round,2.0,2.99,32.1
906,I2,M,Round,2.0,2.99,22.47
907,I3,M,Round,2.0,2.99,14.98
908,IF,D,Round,3.0,3.99,866.7
909,VVS1,D,Round,3.0,3.99,631.3
910,VVS2,D,Round,3.0,3.99,535.0
911,VS1,D,Round,3.0,3.99,460.1
912,VS2,D,Round,3.0,3.99,353.1
913,SI1,D,Round,3.0,3.99,246.1
916,I1,D,Round,3.0,3.99,82.39
917,I2,D,Round,3.0,3.99,41.73
918,I3,D,Round,3.0,3.99,22.47
919,IF,E,Round,3.0,3.99,583.15
920,VVS1,E,Round,3.0,3.99,535.0
921,VVS2,E,Round,3.0,3.99,449.4
922,VS1,E,Round,3.0,3.99,395.9
923,VS2,E,Round,3.0,3.99,315.65
924,SI1,E,Round,3.0,3.99,224.7
926,SI3,E,Round,3.0,3.99,96.3
927,I1,E,Round,3.0,3.99,77.04
928,I2,E,Round,3.0,3.99,39.59
929,I3,E,Round,3.0,3.99,21.4
930,IF,F,Round,3.0,3.99,502.9
932,VVS2,F,Round,3.0,3.99,395.9
933,VS1,F,Round,3.0,3.99,331.7
934,VS2,F,Round,3.0,3.99,288.9
935,SI1,F,Round,3.0,3.99,203.3
870,SI2,J,Round,2.0,2.99,77.04
969,SI2,I,Round,3.0,3.99,123.05
980,SI2,J,Round,3.0,3.99,107.0
1024,SI2,D,Round,4.0,4.99,219.35
1035,SI2,E,Round,4.0,4.99,208.65
1046,SI2,F,Round,4.0,4.99,197.95
937,SI3,F,Round,3.0,3.99,90.95
938,I1,F,Round,3.0,3.99,71.69
939,I2,F,Round,3.0,3.99,38.52
941,IF,G,Round,3.0,3.99,390.55
942,VVS1,G,Round,3.0,3.99,347.75
943,VVS2,G,Round,3.0,3.99,315.65
944,VS1,G,Round,3.0,3.99,283.55
945,VS2,G,Round,3.0,3.99,240.75
946,SI1,G,Round,3.0,3.99,187.25
948,SI3,G,Round,3.0,3.99,85.6
949,I1,G,Round,3.0,3.99,69.55
950,I2,G,Round,3.0,3.99,36.38
951,I3,G,Round,3.0,3.99,19.26
952,IF,H,Round,3.0,3.99,288.9
953,VVS1,H,Round,3.0,3.99,267.5
954,VVS2,H,Round,3.0,3.99,251.45
955,VS1,H,Round,3.0,3.99,235.4
956,VS2,H,Round,3.0,3.99,197.95
957,SI1,H,Round,3.0,3.99,160.5
960,I1,H,Round,3.0,3.99,67.41
961,I2,H,Round,3.0,3.99,34.24
962,I3,H,Round,3.0,3.99,18.19
963,IF,I,Round,3.0,3.99,219.35
964,VVS1,I,Round,3.0,3.99,208.65
965,VVS2,I,Round,3.0,3.99,197.95
966,VS1,I,Round,3.0,3.99,187.25
967,VS2,I,Round,3.0,3.99,160.5
968,SI1,I,Round,3.0,3.99,139.1
970,SI3,I,Round,3.0,3.99,74.9
971,I1,I,Round,3.0,3.99,63.13
972,I2,I,Round,3.0,3.99,32.1
973,I3,I,Round,3.0,3.99,18.19
974,IF,J,Round,3.0,3.99,171.2
976,VVS2,J,Round,3.0,3.99,155.15
977,VS1,J,Round,3.0,3.99,144.45
978,VS2,J,Round,3.0,3.99,133.75
979,SI1,J,Round,3.0,3.99,117.7
981,SI3,J,Round,3.0,3.99,69.55
982,I1,J,Round,3.0,3.99,56.71
983,I2,J,Round,3.0,3.99,29.96
984,I3,J,Round,3.0,3.99,17.12
985,IF,K,Round,3.0,3.99,144.45
986,VVS1,K,Round,3.0,3.99,133.75
987,VVS2,K,Round,3.0,3.99,128.4
988,VS1,K,Round,3.0,3.99,117.7
989,VS2,K,Round,3.0,3.99,107.0
990,SI1,K,Round,3.0,3.99,98.44
991,SI2,K,Round,3.0,3.99,87.74
992,SI3,K,Round,3.0,3.99,64.2
993,I1,K,Round,3.0,3.99,50.29
994,I2,K,Round,3.0,3.99,28.89
995,I3,K,Round,3.0,3.99,17.12
996,IF,L,Round,3.0,3.99,112.35
998,VVS2,L,Round,3.0,3.99,101.65
999,VS1,L,Round,3.0,3.99,96.3
1000,VS2,L,Round,3.0,3.99,90.95
1001,SI1,L,Round,3.0,3.99,82.39
1002,SI2,L,Round,3.0,3.99,71.69
1003,SI3,L,Round,3.0,3.99,53.5
1004,I1,L,Round,3.0,3.99,43.87
1005,I2,L,Round,3.0,3.99,27.82
1006,I3,L,Round,3.0,3.99,16.05
1007,IF,M,Round,3.0,3.99,96.3
1008,VVS1,M,Round,3.0,3.99,93.09
1009,VVS2,M,Round,3.0,3.99,90.95
1010,VS1,M,Round,3.0,3.99,85.6
1011,VS2,M,Round,3.0,3.99,80.25
1012,SI1,M,Round,3.0,3.99,69.55
1013,SI2,M,Round,3.0,3.99,58.85
1014,SI3,M,Round,3.0,3.99,48.15
1015,I1,M,Round,3.0,3.99,35.31
1017,I3,M,Round,3.0,3.99,16.05
1018,IF,D,Round,4.0,4.99,1048.6
1019,VVS1,D,Round,4.0,4.99,749.0
1020,VVS2,D,Round,4.0,4.99,674.1
1021,VS1,D,Round,4.0,4.99,567.1
1022,VS2,D,Round,4.0,4.99,438.7
1023,SI1,D,Round,4.0,4.99,294.25
1025,SI3,D,Round,4.0,4.99,112.35
1026,I1,D,Round,4.0,4.99,90.95
1027,I2,D,Round,4.0,4.99,47.08
1028,I3,D,Round,4.0,4.99,24.61
1029,IF,E,Round,4.0,4.99,738.3
1030,VVS1,E,Round,4.0,4.99,668.75
1031,VVS2,E,Round,4.0,4.99,583.15
1032,VS1,E,Round,4.0,4.99,513.6
1033,VS2,E,Round,4.0,4.99,417.3
1036,SI3,E,Round,4.0,4.99,107.0
1037,I1,E,Round,4.0,4.99,85.6
1038,I2,E,Round,4.0,4.99,44.94
1039,I3,E,Round,4.0,4.99,23.54
1040,IF,F,Round,4.0,4.99,658.05
1041,VVS1,F,Round,4.0,4.99,572.45
1042,VVS2,F,Round,4.0,4.99,508.25
1043,VS1,F,Round,4.0,4.99,454.75
1044,VS2,F,Round,4.0,4.99,379.85
1045,SI1,F,Round,4.0,4.99,262.15
1047,SI3,F,Round,4.0,4.99,101.65
1048,I1,F,Round,4.0,4.99,80.25
1049,I2,F,Round,4.0,4.99,42.8
1050,I3,F,Round,4.0,4.99,22.47
1051,IF,G,Round,4.0,4.99,497.55
1053,VVS2,G,Round,4.0,4.99,406.6
958,SI2,H,Round,3.0,3.99,139.1
1079,SI2,I,Round,4.0,4.99,149.8
1090,SI2,J,Round,4.0,4.99,133.75
1134,SI2,D,Round,5.0,5.99,288.9
1145,SI2,E,Round,5.0,5.99,272.85
1156,SI2,F,Round,5.0,5.99,256.8
1167,SI2,G,Round,5.0,5.99,240.75
1054,VS1,G,Round,4.0,4.99,395.9
1055,VS2,G,Round,4.0,4.99,321.0
1056,SI1,G,Round,4.0,4.99,224.7
1058,SI3,G,Round,4.0,4.99,96.3
1059,I1,G,Round,4.0,4.99,74.9
1060,I2,G,Round,4.0,4.99,40.66
1062,IF,H,Round,4.0,4.99,374.5
1063,VVS1,H,Round,4.0,4.99,353.1
1064,VVS2,H,Round,4.0,4.99,321.0
1065,VS1,H,Round,4.0,4.99,315.65
1066,VS2,H,Round,4.0,4.99,267.5
1067,SI1,H,Round,4.0,4.99,197.95
1069,SI3,H,Round,4.0,4.99,90.95
1070,I1,H,Round,4.0,4.99,69.55
1071,I2,H,Round,4.0,4.99,38.52
1072,I3,H,Round,4.0,4.99,20.33
1073,IF,I,Round,4.0,4.99,278.2
1074,VVS1,I,Round,4.0,4.99,262.15
1075,VVS2,I,Round,4.0,4.99,246.1
1076,VS1,I,Round,4.0,4.99,235.4
1077,VS2,I,Round,4.0,4.99,203.3
1078,SI1,I,Round,4.0,4.99,171.2
1081,I1,I,Round,4.0,4.99,64.2
1082,I2,I,Round,4.0,4.99,36.38
1083,I3,I,Round,4.0,4.99,19.26
1084,IF,J,Round,4.0,4.99,224.7
1085,VVS1,J,Round,4.0,4.99,214.0
1086,VVS2,J,Round,4.0,4.99,197.95
1087,VS1,J,Round,4.0,4.99,187.25
1088,VS2,J,Round,4.0,4.99,171.2
1089,SI1,J,Round,4.0,4.99,149.8
1091,SI3,J,Round,4.0,4.99,74.9
1092,I1,J,Round,4.0,4.99,58.85
1093,I2,J,Round,4.0,4.99,34.24
1094,I3,J,Round,4.0,4.99,18.19
1095,IF,K,Round,4.0,4.99,187.25
1097,VVS2,K,Round,4.0,4.99,165.85
1098,VS1,K,Round,4.0,4.99,155.15
1099,VS2,K,Round,4.0,4.99,144.45
1100,SI1,K,Round,4.0,4.99,123.05
1101,SI2,K,Round,4.0,4.99,107.0
1102,SI3,K,Round,4.0,4.99,69.55
1103,I1,K,Round,4.0,4.99,53.5
1104,I2,K,Round,4.0,4.99,32.1
1105,I3,K,Round,4.0,4.99,18.19
1106,IF,L,Round,4.0,4.99,139.1
1107,VVS1,L,Round,4.0,4.99,128.4
1108,VVS2,L,Round,4.0,4.99,117.7
1109,VS1,L,Round,4.0,4.99,112.35
1110,VS2,L,Round,4.0,4.99,101.65
1111,SI1,L,Round,4.0,4.99,90.95
1112,SI2,L,Round,4.0,4.99,80.25
1113,SI3,L,Round,4.0,4.99,64.2
1114,I1,L,Round,4.0,4.99,48.15
1115,I2,L,Round,4.0,4.99,29.96
1116,I3,L,Round,4.0,4.99,17.12
1118,VVS1,M,Round,4.0,4.99,107.0
1119,VVS2,M,Round,4.0,4.99,101.65
1120,VS1,M,Round,4.0,4.99,96.3
1121,VS2,M,Round,4.0,4.99,90.95
1122,SI1,M,Round,4.0,4.99,80.25
1123,SI2,M,Round,4.0,4.99,69.55
1124,SI3,M,Round,4.0,4.99,53.5
1125,I1,M,Round,4.0,4.99,37.45
1126,I2,M,Round,4.0,4.99,28.89
1127,I3,M,Round,4.0,4.99,17.12
1128,IF,D,Round,5.0,5.99,1391.0
1129,VVS1,D,Round,5.0,5.99,1070.0
1130,VVS2,D,Round,5.0,5.99,930.9
1131,VS1,D,Round,5.0,5.99,802.5
1132,VS2,D,Round,5.0,5.99,615.25
1133,SI1,D,Round,5.0,5.99,395.9
1136,I1,D,Round,5.0,5.99,96.3
1137,I2,D,Round,5.0,5.99,50.29
1138,I3,D,Round,5.0,5.99,26.75
1139,IF,E,Round,5.0,5.99,995.1
1140,VVS1,E,Round,5.0,5.99,877.4
1141,VVS2,E,Round,5.0,5.99,802.5
1142,VS1,E,Round,5.0,5.99,716.9
1143,VS2,E,Round,5.0,5.99,556.4
1144,SI1,E,Round,5.0,5.99,369.15
1146,SI3,E,Round,5.0,5.99,117.7
1147,I1,E,Round,5.0,5.99,90.95
1148,I2,E,Round,5.0,5.99,48.15
1149,I3,E,Round,5.0,5.99,25.68
1150,IF,F,Round,5.0,5.99,856.0
1152,VVS2,F,Round,5.0,5.99,716.9
1153,VS1,F,Round,5.0,5.99,642.0
1154,VS2,F,Round,5.0,5.99,481.5
1155,SI1,F,Round,5.0,5.99,342.4
1157,SI3,F,Round,5.0,5.99,112.35
1158,I1,F,Round,5.0,5.99,85.6
1159,I2,F,Round,5.0,5.99,46.01
1160,I3,F,Round,5.0,5.99,24.61
1161,IF,G,Round,5.0,5.99,642.0
1162,VVS1,G,Round,5.0,5.99,588.5
1163,VVS2,G,Round,5.0,5.99,535.0
1164,VS1,G,Round,5.0,5.99,492.2
1165,VS2,G,Round,5.0,5.99,422.65
1166,SI1,G,Round,5.0,5.99,299.6
1168,SI3,G,Round,5.0,5.99,107.0
1169,I1,G,Round,5.0,5.99,80.25
1170,I2,G,Round,5.0,5.99,43.87
1068,SI2,H,Round,4.0,4.99,171.2
1244,SI2,D,Round,10.0,10.99,417.3
1255,SI2,E,Round,10.0,10.99,395.9
1266,SI2,F,Round,10.0,10.99,374.5
1277,SI2,G,Round,10.0,10.99,353.1
1171,I3,G,Round,5.0,5.99,23.54
1172,IF,H,Round,5.0,5.99,502.9
1174,VVS2,H,Round,5.0,5.99,428.0
1175,VS1,H,Round,5.0,5.99,390.55
1176,VS2,H,Round,5.0,5.99,331.7
1177,SI1,H,Round,5.0,5.99,256.8
1179,SI3,H,Round,5.0,5.99,96.3
1180,I1,H,Round,5.0,5.99,74.9
1181,I2,H,Round,5.0,5.99,41.73
1182,I3,H,Round,5.0,5.99,22.47
1183,IF,I,Round,5.0,5.99,374.5
1184,VVS1,I,Round,5.0,5.99,347.75
1185,VVS2,I,Round,5.0,5.99,331.7
1186,VS1,I,Round,5.0,5.99,310.3
1187,VS2,I,Round,5.0,5.99,278.2
1188,SI1,I,Round,5.0,5.99,219.35
1190,SI3,I,Round,5.0,5.99,90.95
1191,I1,I,Round,5.0,5.99,69.55
1192,I2,I,Round,5.0,5.99,39.59
1193,I3,I,Round,5.0,5.99,21.4
1194,IF,J,Round,5.0,5.99,278.2
1196,VVS2,J,Round,5.0,5.99,251.45
1197,VS1,J,Round,5.0,5.99,240.75
1198,VS2,J,Round,5.0,5.99,230.05
1199,SI1,J,Round,5.0,5.99,187.25
1201,SI3,J,Round,5.0,5.99,80.25
1202,I1,J,Round,5.0,5.99,64.2
1203,I2,J,Round,5.0,5.99,37.45
1204,I3,J,Round,5.0,5.99,20.33
1205,IF,K,Round,5.0,5.99,219.35
1206,VVS1,K,Round,5.0,5.99,203.3
1207,VVS2,K,Round,5.0,5.99,192.6
1208,VS1,K,Round,5.0,5.99,181.9
1209,VS2,K,Round,5.0,5.99,176.55
1210,SI1,K,Round,5.0,5.99,155.15
1211,SI2,K,Round,5.0,5.99,128.4
1212,SI3,K,Round,5.0,5.99,74.9
1213,I1,K,Round,5.0,5.99,58.85
1214,I2,K,Round,5.0,5.99,34.24
1216,IF,L,Round,5.0,5.99,160.5
1217,VVS1,L,Round,5.0,5.99,149.8
1218,VVS2,L,Round,5.0,5.99,144.45
1219,VS1,L,Round,5.0,5.99,139.1
1220,VS2,L,Round,5.0,5.99,128.4
1221,SI1,L,Round,5.0,5.99,117.7
1222,SI2,L,Round,5.0,5.99,96.3
1223,SI3,L,Round,5.0,5.99,69.55
1224,I1,L,Round,5.0,5.99,53.5
1225,I2,L,Round,5.0,5.99,32.1
1226,I3,L,Round,5.0,5.99,18.19
1227,IF,M,Round,5.0,5.99,133.75
1228,VVS1,M,Round,5.0,5.99,128.4
1229,VVS2,M,Round,5.0,5.99,123.05
1230,VS1,M,Round,5.0,5.99,117.7
1231,VS2,M,Round,5.0,5.99,112.35
1233,SI2,M,Round,5.0,5.99,80.25
1234,SI3,M,Round,5.0,5.99,64.2
1235,I1,M,Round,5.0,5.99,48.15
1236,I2,M,Round,5.0,5.99,31.03
1237,I3,M,Round,5.0,5.99,18.19
1238,IF,D,Round,10.0,10.99,2161.4
1239,VVS1,D,Round,10.0,10.99,1551.5
1240,VVS2,D,Round,10.0,10.99,1380.3
1241,VS1,D,Round,10.0,10.99,1198.4
1242,VS2,D,Round,10.0,10.99,952.3
1243,SI1,D,Round,10.0,10.99,604.55
1245,SI3,D,Round,10.0,10.99,187.25
1246,I1,D,Round,10.0,10.99,112.35
1247,I2,D,Round,10.0,10.99,57.78
1248,I3,D,Round,10.0,10.99,31.03
1249,IF,E,Round,10.0,10.99,1551.5
1251,VVS2,E,Round,10.0,10.99,1241.2
1252,VS1,E,Round,10.0,10.99,1091.4
1253,VS2,E,Round,10.0,10.99,866.7
1254,SI1,E,Round,10.0,10.99,556.4
1256,SI3,E,Round,10.0,10.99,176.55
1257,I1,E,Round,10.0,10.99,107.0
1258,I2,E,Round,10.0,10.99,55.64
1259,I3,E,Round,10.0,10.99,28.89
1260,IF,F,Round,10.0,10.99,1326.8
1261,VVS1,F,Round,10.0,10.99,1219.8
1262,VVS2,F,Round,10.0,10.99,1091.4
1263,VS1,F,Round,10.0,10.99,963.0
1264,VS2,F,Round,10.0,10.99,749.0
1265,SI1,F,Round,10.0,10.99,513.6
1267,SI3,F,Round,10.0,10.99,165.85
1268,I1,F,Round,10.0,10.99,101.65
1269,I2,F,Round,10.0,10.99,53.5
1270,I3,F,Round,10.0,10.99,27.82
1272,VVS1,G,Round,10.0,10.99,941.6
1273,VVS2,G,Round,10.0,10.99,856.0
1274,VS1,G,Round,10.0,10.99,749.0
1275,VS2,G,Round,10.0,10.99,652.7
1276,SI1,G,Round,10.0,10.99,449.4
1278,SI3,G,Round,10.0,10.99,155.15
1279,I1,G,Round,10.0,10.99,96.3
1280,I2,G,Round,10.0,10.99,51.36
1281,I3,G,Round,10.0,10.99,26.75
1282,IF,H,Round,10.0,10.99,802.5
1283,VVS1,H,Round,10.0,10.99,738.3
1284,VVS2,H,Round,10.0,10.99,674.1
1285,VS1,H,Round,10.0,10.99,620.6
1286,VS2,H,Round,10.0,10.99,513.6
1287,SI1,H,Round,10.0,10.99,385.2
1189,SI2,I,Round,5.0,5.99,181.9
1310,SI2,J,Round,10.0,10.99,246.1
1289,SI3,H,Round,10.0,10.99,139.1
1290,I1,H,Round,10.0,10.99,90.95
1291,I2,H,Round,10.0,10.99,49.22
1292,I3,H,Round,10.0,10.99,25.68
1293,IF,I,Round,10.0,10.99,577.8
1294,VVS1,I,Round,10.0,10.99,545.7
1295,VVS2,I,Round,10.0,10.99,524.3
1296,VS1,I,Round,10.0,10.99,492.2
1297,VS2,I,Round,10.0,10.99,438.7
1298,SI1,I,Round,10.0,10.99,337.05
1300,SI3,I,Round,10.0,10.99,128.4
1301,I1,I,Round,10.0,10.99,85.6
1302,I2,I,Round,10.0,10.99,47.08
1303,I3,I,Round,10.0,10.99,24.61
1305,VVS1,J,Round,10.0,10.99,417.3
1306,VVS2,J,Round,10.0,10.99,395.9
1307,VS1,J,Round,10.0,10.99,379.85
1308,VS2,J,Round,10.0,10.99,363.8
1309,SI1,J,Round,10.0,10.99,288.9
1311,SI3,J,Round,10.0,10.99,117.7
1312,I1,J,Round,10.0,10.99,80.25
1313,I2,J,Round,10.0,10.99,44.94
1314,I3,J,Round,10.0,10.99,23.54
1315,IF,K,Round,10.0,10.99,331.7
1316,VVS1,K,Round,10.0,10.99,321.0
1317,VVS2,K,Round,10.0,10.99,299.6
1318,VS1,K,Round,10.0,10.99,288.9
1319,VS2,K,Round,10.0,10.99,272.85
1320,SI1,K,Round,10.0,10.99,224.7
1321,SI2,K,Round,10.0,10.99,187.25
1323,I1,K,Round,10.0,10.99,74.9
1324,I2,K,Round,10.0,10.99,42.8
1325,I3,K,Round,10.0,10.99,22.47
1326,IF,L,Round,10.0,10.99,240.75
1327,VVS1,L,Round,10.0,10.99,235.4
1328,VVS2,L,Round,10.0,10.99,224.7
1329,VS1,L,Round,10.0,10.99,214.0
1330,VS2,L,Round,10.0,10.99,197.95
1331,SI1,L,Round,10.0,10.99,171.2
1332,SI2,L,Round,10.0,10.99,133.75
1333,SI3,L,Round,10.0,10.99,96.3
1334,I1,L,Round,10.0,10.99,64.2
1335,I2,L,Round,10.0,10.99,40.66
1336,I3,L,Round,10.0,10.99,21.4
1337,IF,M,Round,10.0,10.99,203.3
1339,VVS2,M,Round,10.0,10.99,192.6
1340,VS1,M,Round,10.0,10.99,181.9
1341,VS2,M,Round,10.0,10.99,171.2
1342,SI1,M,Round,10.0,10.99,149.8
1343,SI2,M,Round,10.0,10.99,117.7
1344,SI3,M,Round,10.0,10.99,85.6
1345,I1,M,Round,10.0,10.99,53.5
1346,I2,M,Round,10.0,10.99,38.52
1347,I3,M,Round,10.0,10.99,20.33
1348,IF,D,Pear,0.3,0.39,30.0
1349,VVS1,D,Pear,0.3,0.39,26.0
1350,VVS2,D,Pear,0.3,0.39,23.0
1351,VS1,D,Pear,0.3,0.39,20.0
1352,VS2,D,Pear,0.3,0.39,18.0
1353,SI1,D,Pear,0.3,0.39,17.0
1354,SI2,D,Pear,0.3,0.39,16.0
1355,SI3,D,Pear,0.3,0.39,14.0
1356,I1,D,Pear,0.3,0.39,11.0
1357,I2,D,Pear,0.3,0.39,8.0
1359,IF,E,Pear,0.3,0.39,25.0
1360,VVS1,E,Pear,0.3,0.39,23.0
1361,VVS2,E,Pear,0.3,0.39,20.0
1362,VS1,E,Pear,0.3,0.39,18.0
1363,VS2,E,Pear,0.3,0.39,17.0
1364,SI1,E,Pear,0.3,0.39,16.0
1365,SI2,E,Pear,0.3,0.39,15.0
1366,SI3,E,Pear,0.3,0.39,13.0
1367,I1,E,Pear,0.3,0.39,10.0
1368,I2,E,Pear,0.3,0.39,8.0
1369,I3,E,Pear,0.3,0.39,5.0
1370,IF,F,Pear,0.3,0.39,22.0
1371,VVS1,F,Pear,0.3,0.39,20.0
1372,VVS2,F,Pear,0.3,0.39,18.0
1373,VS1,F,Pear,0.3,0.39,17.0
1374,VS2,F,Pear,0.3,0.39,16.0
1376,SI2,F,Pear,0.3,0.39,14.0
1377,SI3,F,Pear,0.3,0.39,12.0
1378,I1,F,Pear,0.3,0.39,9.0
1379,I2,F,Pear,0.3,0.39,7.0
1380,I3,F,Pear,0.3,0.39,5.0
1381,IF,G,Pear,0.3,0.39,20.0
1382,VVS1,G,Pear,0.3,0.39,18.0
1383,VVS2,G,Pear,0.3,0.39,17.0
1384,VS1,G,Pear,0.3,0.39,16.0
1385,VS2,G,Pear,0.3,0.39,15.0
1386,SI1,G,Pear,0.3,0.39,14.0
1387,SI2,G,Pear,0.3,0.39,13.0
1388,SI3,G,Pear,0.3,0.39,11.0
1389,I1,G,Pear,0.3,0.39,9.0
1390,I2,G,Pear,0.3,0.39,7.0
1391,I3,G,Pear,0.3,0.39,5.0
1393,VVS1,H,Pear,0.3,0.39,17.0
1394,VVS2,H,Pear,0.3,0.39,16.0
1395,VS1,H,Pear,0.3,0.39,15.0
1396,VS2,H,Pear,0.3,0.39,14.0
1397,SI1,H,Pear,0.3,0.39,13.0
1398,SI2,H,Pear,0.3,0.39,12.0
1399,SI3,H,Pear,0.3,0.39,10.0
1400,I1,H,Pear,0.3,0.39,8.0
1401,I2,H,Pear,0.3,0.39,6.0
1402,I3,H,Pear,0.3,0.39,4.0
1403,IF,I,Pear,0.3,0.39,16.0
1404,VVS1,I,Pear,0.3,0.39,15.0
1405,VVS2,I,Pear,0.3,0.39,14.0
1299,SI2,I,Round,10.0,10.99,278.2
1515,VVS2,I,Pear,0.4,0.49,18.0
1525,VVS1,J,Pear,0.4,0.49,17.0
1406,VS1,I,Pear,0.3,0.39,13.0
1407,VS2,I,Pear,0.3,0.39,13.0
1408,SI1,I,Pear,0.3,0.39,12.0
1409,SI2,I,Pear,0.3,0.39,11.0
1410,SI3,I,Pear,0.3,0.39,9.0
1411,I1,I,Pear,0.3,0.39,8.0
1412,I2,I,Pear,0.3,0.39,6.0
1413,I3,I,Pear,0.3,0.39,4.0
1414,IF,J,Pear,0.3,0.39,13.0
1415,VVS1,J,Pear,0.3,0.39,12.0
1416,VVS2,J,Pear,0.3,0.39,12.0
1417,VS1,J,Pear,0.3,0.39,11.0
1418,VS2,J,Pear,0.3,0.39,11.0
1419,SI1,J,Pear,0.3,0.39,10.0
1420,SI2,J,Pear,0.3,0.39,9.0
1422,I1,J,Pear,0.3,0.39,7.0
1423,I2,J,Pear,0.3,0.39,5.0
1424,I3,J,Pear,0.3,0.39,4.0
1425,IF,K,Pear,0.3,0.39,11.0
1426,VVS1,K,Pear,0.3,0.39,10.0
1427,VVS2,K,Pear,0.3,0.39,10.0
1428,VS1,K,Pear,0.3,0.39,9.0
1429,VS2,K,Pear,0.3,0.39,9.0
1430,SI1,K,Pear,0.3,0.39,8.0
1431,SI2,K,Pear,0.3,0.39,7.0
1432,SI3,K,Pear,0.3,0.39,7.0
1433,I1,K,Pear,0.3,0.39,6.0
1434,I2,K,Pear,0.3,0.39,5.0
1435,I3,K,Pear,0.3,0.39,3.0
1436,IF,L,Pear,0.3,0.39,10.0
1437,VVS1,L,Pear,0.3,0.39,9.0
1439,VS1,L,Pear,0.3,0.39,8.0
1440,VS2,L,Pear,0.3,0.39,8.0
1441,SI1,L,Pear,0.3,0.39,8.0
1442,SI2,L,Pear,0.3,0.39,7.0
1443,SI3,L,Pear,0.3,0.39,6.0
1444,I1,L,Pear,0.3,0.39,5.0
1445,I2,L,Pear,0.3,0.39,4.0
1446,I3,L,Pear,0.3,0.39,3.0
1447,IF,M,Pear,0.3,0.39,9.0
1448,VVS1,M,Pear,0.3,0.39,9.0
1449,VVS2,M,Pear,0.3,0.39,9.0
1450,VS1,M,Pear,0.3,0.39,8.0
1451,VS2,M,Pear,0.3,0.39,8.0
1452,SI1,M,Pear,0.3,0.39,7.0
1453,SI2,M,Pear,0.3,0.39,6.0
1454,SI3,M,Pear,0.3,0.39,5.0
1456,I2,M,Pear,0.3,0.39,3.0
1457,I3,M,Pear,0.3,0.39,3.0
1458,IF,D,Pear,0.4,0.49,33.0
1459,VVS1,D,Pear,0.4,0.49,32.0
1460,VVS2,D,Pear,0.4,0.49,29.0
1461,VS1,D,Pear,0.4,0.49,27.0
1462,VS2,D,Pear,0.4,0.49,25.0
1463,SI1,D,Pear,0.4,0.49,20.0
1464,SI2,D,Pear,0.4,0.49,18.0
1465,SI3,D,Pear,0.4,0.49,16.0
1466,I1,D,Pear,0.4,0.49,12.0
1467,I2,D,Pear,0.4,0.49,9.0
1468,I3,D,Pear,0.4,0.49,7.0
1469,IF,E,Pear,0.4,0.49,31.0
1470,VVS1,E,Pear,0.4,0.49,29.0
1471,VVS2,E,Pear,0.4,0.49,26.0
1473,VS2,E,Pear,0.4,0.49,23.0
1474,SI1,E,Pear,0.4,0.49,19.0
1475,SI2,E,Pear,0.4,0.49,17.0
1476,SI3,E,Pear,0.4,0.49,15.0
1477,I1,E,Pear,0.4,0.49,11.0
1478,I2,E,Pear,0.4,0.49,9.0
1479,I3,E,Pear,0.4,0.49,6.0
1480,IF,F,Pear,0.4,0.49,28.0
1481,VVS1,F,Pear,0.4,0.49,26.0
1482,VVS2,F,Pear,0.4,0.49,24.0
1483,VS1,F,Pear,0.4,0.49,23.0
1484,VS2,F,Pear,0.4,0.49,22.0
1485,SI1,F,Pear,0.4,0.49,18.0
1486,SI2,F,Pear,0.4,0.49,16.0
1487,SI3,F,Pear,0.4,0.49,14.0
1488,I1,F,Pear,0.4,0.49,10.0
1490,I3,F,Pear,0.4,0.49,5.0
1491,IF,G,Pear,0.4,0.49,26.0
1492,VVS1,G,Pear,0.4,0.49,25.0
1493,VVS2,G,Pear,0.4,0.49,23.0
1494,VS1,G,Pear,0.4,0.49,22.0
1495,VS2,G,Pear,0.4,0.49,20.0
1496,SI1,G,Pear,0.4,0.49,17.0
1497,SI2,G,Pear,0.4,0.49,15.0
1498,SI3,G,Pear,0.4,0.49,13.0
1499,I1,G,Pear,0.4,0.49,10.0
1500,I2,G,Pear,0.4,0.49,8.0
1501,I3,G,Pear,0.4,0.49,5.0
1502,IF,H,Pear,0.4,0.49,24.0
1503,VVS1,H,Pear,0.4,0.49,23.0
1504,VVS2,H,Pear,0.4,0.49,21.0
1505,VS1,H,Pear,0.4,0.49,20.0
1507,SI1,H,Pear,0.4,0.49,16.0
1508,SI2,H,Pear,0.4,0.49,14.0
1509,SI3,H,Pear,0.4,0.49,12.0
1510,I1,H,Pear,0.4,0.49,9.0
1511,I2,H,Pear,0.4,0.49,7.0
1512,I3,H,Pear,0.4,0.49,5.0
1516,VS1,I,Pear,0.4,0.49,17.0
1517,VS2,I,Pear,0.4,0.49,16.0
1518,SI1,I,Pear,0.4,0.49,15.0
1519,SI2,I,Pear,0.4,0.49,13.0
1520,SI3,I,Pear,0.4,0.49,11.0
1521,I1,I,Pear,0.4,0.49,9.0
1522,I2,I,Pear,0.4,0.49,7.0
1523,I3,I,Pear,0.4,0.49,4.0
1514,VVS1,I,Pear,0.4,0.49,19.0
1527,VS1,J,Pear,0.4,0.49,15.0
1528,VS2,J,Pear,0.4,0.49,14.0
1530,SI2,J,Pear,0.4,0.49,12.0
1531,SI3,J,Pear,0.4,0.49,10.0
1532,I1,J,Pear,0.4,0.49,8.0
1533,I2,J,Pear,0.4,0.49,6.0
1534,I3,J,Pear,0.4,0.49,4.0
1535,IF,K,Pear,0.4,0.49,14.0
1536,VVS1,K,Pear,0.4,0.49,13.0
1537,VVS2,K,Pear,0.4,0.49,12.0
1538,VS1,K,Pear,0.4,0.49,11.0
1539,VS2,K,Pear,0.4,0.49,11.0
1540,SI1,K,Pear,0.4,0.49,10.0
1541,SI2,K,Pear,0.4,0.49,9.0
1542,SI3,K,Pear,0.4,0.49,8.0
1543,I1,K,Pear,0.4,0.49,7.0
1544,I2,K,Pear,0.4,0.49,6.0
1545,I3,K,Pear,0.4,0.49,4.0
1547,VVS1,L,Pear,0.4,0.49,11.0
1548,VVS2,L,Pear,0.4,0.49,11.0
1549,VS1,L,Pear,0.4,0.49,10.0
1550,VS2,L,Pear,0.4,0.49,10.0
1551,SI1,L,Pear,0.4,0.49,9.0
1552,SI2,L,Pear,0.4,0.49,8.0
1553,SI3,L,Pear,0.4,0.49,7.0
1554,I1,L,Pear,0.4,0.49,6.0
1555,I2,L,Pear,0.4,0.49,5.0
1556,I3,L,Pear,0.4,0.49,3.0
1557,IF,M,Pear,0.4,0.49,11.0
1558,VVS1,M,Pear,0.4,0.49,10.0
1559,VVS2,M,Pear,0.4,0.49,10.0
1560,VS1,M,Pear,0.4,0.49,9.0
1561,VS2,M,Pear,0.4,0.49,9.0
1562,SI1,M,Pear,0.4,0.49,8.0
1564,SI3,M,Pear,0.4,0.49,6.0
1565,I1,M,Pear,0.4,0.49,5.0
1566,I2,M,Pear,0.4,0.49,4.0
1567,I3,M,Pear,0.4,0.49,3.0
1568,IF,D,Pear,0.5,0.69,50.0
1569,VVS1,D,Pear,0.5,0.69,41.0
1570,VVS2,D,Pear,0.5,0.69,37.0
1571,VS1,D,Pear,0.5,0.69,34.0
1572,VS2,D,Pear,0.5,0.69,32.0
1573,SI1,D,Pear,0.5,0.69,27.0
1574,SI2,D,Pear,0.5,0.69,24.0
1575,SI3,D,Pear,0.5,0.69,21.0
1576,I1,D,Pear,0.5,0.69,17.0
1577,I2,D,Pear,0.5,0.69,13.0
1578,I3,D,Pear,0.5,0.69,9.0
1579,IF,E,Pear,0.5,0.69,41.0
1581,VVS2,E,Pear,0.5,0.69,32.0
1582,VS1,E,Pear,0.5,0.69,31.0
1583,VS2,E,Pear,0.5,0.69,29.0
1584,SI1,E,Pear,0.5,0.69,25.0
1585,SI2,E,Pear,0.5,0.69,22.0
1586,SI3,E,Pear,0.5,0.69,19.0
1587,I1,E,Pear,0.5,0.69,16.0
1588,I2,E,Pear,0.5,0.69,13.0
1589,I3,E,Pear,0.5,0.69,8.0
1590,IF,F,Pear,0.5,0.69,35.0
1591,VVS1,F,Pear,0.5,0.69,32.0
1592,VVS2,F,Pear,0.5,0.69,30.0
1593,VS1,F,Pear,0.5,0.69,29.0
1594,VS2,F,Pear,0.5,0.69,27.0
1595,SI1,F,Pear,0.5,0.69,24.0
1596,SI2,F,Pear,0.5,0.69,21.0
1598,I1,F,Pear,0.5,0.69,16.0
1599,I2,F,Pear,0.5,0.69,12.0
1600,I3,F,Pear,0.5,0.69,7.0
1601,IF,G,Pear,0.5,0.69,32.0
1602,VVS1,G,Pear,0.5,0.69,30.0
1603,VVS2,G,Pear,0.5,0.69,28.0
1604,VS1,G,Pear,0.5,0.69,27.0
1605,VS2,G,Pear,0.5,0.69,25.0
1606,SI1,G,Pear,0.5,0.69,23.0
1607,SI2,G,Pear,0.5,0.69,20.0
1608,SI3,G,Pear,0.5,0.69,16.0
1609,I1,G,Pear,0.5,0.69,15.0
1610,I2,G,Pear,0.5,0.69,12.0
1611,I3,G,Pear,0.5,0.69,7.0
1612,IF,H,Pear,0.5,0.69,29.0
1613,VVS1,H,Pear,0.5,0.69,27.0
1615,VS1,H,Pear,0.5,0.69,25.0
1616,VS2,H,Pear,0.5,0.69,23.0
1617,SI1,H,Pear,0.5,0.69,21.0
1618,SI2,H,Pear,0.5,0.69,19.0
1619,SI3,H,Pear,0.5,0.69,15.0
1620,I1,H,Pear,0.5,0.69,14.0
1621,I2,H,Pear,0.5,0.69,11.0
1622,I3,H,Pear,0.5,0.69,7.0
1623,IF,I,Pear,0.5,0.69,26.0
1624,VVS1,I,Pear,0.5,0.69,24.0
1625,VVS2,I,Pear,0.5,0.69,23.0
1626,VS1,I,Pear,0.5,0.69,22.0
1627,VS2,I,Pear,0.5,0.69,21.0
1628,SI1,I,Pear,0.5,0.69,19.0
1629,SI2,I,Pear,0.5,0.69,17.0
1630,SI3,I,Pear,0.5,0.69,14.0
1632,I2,I,Pear,0.5,0.69,11.0
1633,I3,I,Pear,0.5,0.69,6.0
1634,IF,J,Pear,0.5,0.69,22.0
1635,VVS1,J,Pear,0.5,0.69,21.0
1636,VVS2,J,Pear,0.5,0.69,20.0
1637,VS1,J,Pear,0.5,0.69,19.0
1638,VS2,J,Pear,0.5,0.69,18.0
1639,SI1,J,Pear,0.5,0.69,17.0
1640,SI2,J,Pear,0.5,0.69,16.0
1641,SI3,J,Pear,0.5,0.69,13.0
1642,I1,J,Pear,0.5,0.69,12.0
1643,I2,J,Pear,0.5,0.69,10.0
1644,I3,J,Pear,0.5,0.69,6.0
1645,IF,K,Pear,0.5,0.69,17.0
1647,VVS2,K,Pear,0.5,0.69,16.0
1648,VS1,K,Pear,0.5,0.69,15.0
1650,SI1,K,Pear,0.5,0.69,14.0
1651,SI2,K,Pear,0.5,0.69,13.0
1652,SI3,K,Pear,0.5,0.69,12.0
1653,I1,K,Pear,0.5,0.69,10.0
1654,I2,K,Pear,0.5,0.69,8.0
1655,I3,K,Pear,0.5,0.69,6.0
1656,IF,L,Pear,0.5,0.69,15.0
1657,VVS1,L,Pear,0.5,0.69,14.0
1658,VVS2,L,Pear,0.5,0.69,14.0
1659,VS1,L,Pear,0.5,0.69,13.0
1660,VS2,L,Pear,0.5,0.69,13.0
1661,SI1,L,Pear,0.5,0.69,13.0
1662,SI2,L,Pear,0.5,0.69,12.0
1663,SI3,L,Pear,0.5,0.69,11.0
1664,I1,L,Pear,0.5,0.69,9.0
1665,I2,L,Pear,0.5,0.69,7.0
1667,IF,M,Pear,0.5,0.69,13.0
1668,VVS1,M,Pear,0.5,0.69,12.0
1669,VVS2,M,Pear,0.5,0.69,12.0
1670,VS1,M,Pear,0.5,0.69,12.0
1671,VS2,M,Pear,0.5,0.69,11.0
1672,SI1,M,Pear,0.5,0.69,11.0
1673,SI2,M,Pear,0.5,0.69,10.0
1674,SI3,M,Pear,0.5,0.69,9.0
1675,I1,M,Pear,0.5,0.69,8.0
1676,I2,M,Pear,0.5,0.69,6.0
1677,I3,M,Pear,0.5,0.69,5.0
1678,IF,D,Pear,0.7,0.89,65.0
1679,VVS1,D,Pear,0.7,0.89,52.0
1680,VVS2,D,Pear,0.7,0.89,49.0
1681,VS1,D,Pear,0.7,0.89,48.0
1682,VS2,D,Pear,0.7,0.89,46.0
1684,SI2,D,Pear,0.7,0.89,35.0
1685,SI3,D,Pear,0.7,0.89,30.0
1686,I1,D,Pear,0.7,0.89,24.0
1687,I2,D,Pear,0.7,0.89,16.0
1688,I3,D,Pear,0.7,0.89,10.0
1689,IF,E,Pear,0.7,0.89,50.0
1690,VVS1,E,Pear,0.7,0.89,48.0
1691,VVS2,E,Pear,0.7,0.89,47.0
1692,VS1,E,Pear,0.7,0.89,46.0
1693,VS2,E,Pear,0.7,0.89,44.0
1694,SI1,E,Pear,0.7,0.89,40.0
1695,SI2,E,Pear,0.7,0.89,33.0
1696,SI3,E,Pear,0.7,0.89,28.0
1697,I1,E,Pear,0.7,0.89,23.0
1698,I2,E,Pear,0.7,0.89,15.0
1699,I3,E,Pear,0.7,0.89,9.0
1701,VVS1,F,Pear,0.7,0.89,46.0
1702,VVS2,F,Pear,0.7,0.89,45.0
1703,VS1,F,Pear,0.7,0.89,44.0
1704,VS2,F,Pear,0.7,0.89,42.0
1705,SI1,F,Pear,0.7,0.89,38.0
1706,SI2,F,Pear,0.7,0.89,30.0
1707,SI3,F,Pear,0.7,0.89,26.0
1708,I1,F,Pear,0.7,0.89,22.0
1709,I2,F,Pear,0.7,0.89,14.0
1710,I3,F,Pear,0.7,0.89,9.0
1711,IF,G,Pear,0.7,0.89,46.0
1712,VVS1,G,Pear,0.7,0.89,44.0
1713,VVS2,G,Pear,0.7,0.89,42.0
1714,VS1,G,Pear,0.7,0.89,41.0
1715,VS2,G,Pear,0.7,0.89,39.0
1716,SI1,G,Pear,0.7,0.89,35.0
1718,SI3,G,Pear,0.7,0.89,24.0
1719,I1,G,Pear,0.7,0.89,21.0
1720,I2,G,Pear,0.7,0.89,14.0
1721,I3,G,Pear,0.7,0.89,8.0
1722,IF,H,Pear,0.7,0.89,42.0
1723,VVS1,H,Pear,0.7,0.89,40.0
1724,VVS2,H,Pear,0.7,0.89,37.0
1725,VS1,H,Pear,0.7,0.89,36.0
1726,VS2,H,Pear,0.7,0.89,35.0
1727,SI1,H,Pear,0.7,0.89,31.0
1728,SI2,H,Pear,0.7,0.89,26.0
1729,SI3,H,Pear,0.7,0.89,22.0
1730,I1,H,Pear,0.7,0.89,20.0
1731,I2,H,Pear,0.7,0.89,13.0
1732,I3,H,Pear,0.7,0.89,8.0
1733,IF,I,Pear,0.7,0.89,35.0
1735,VVS2,I,Pear,0.7,0.89,30.0
1736,VS1,I,Pear,0.7,0.89,29.0
1737,VS2,I,Pear,0.7,0.89,28.0
1738,SI1,I,Pear,0.7,0.89,27.0
1739,SI2,I,Pear,0.7,0.89,24.0
1740,SI3,I,Pear,0.7,0.89,20.0
1741,I1,I,Pear,0.7,0.89,18.0
1742,I2,I,Pear,0.7,0.89,13.0
1743,I3,I,Pear,0.7,0.89,8.0
1744,IF,J,Pear,0.7,0.89,28.0
1745,VVS1,J,Pear,0.7,0.89,27.0
1746,VVS2,J,Pear,0.7,0.89,26.0
1747,VS1,J,Pear,0.7,0.89,25.0
1748,VS2,J,Pear,0.7,0.89,24.0
1749,SI1,J,Pear,0.7,0.89,23.0
1750,SI2,J,Pear,0.7,0.89,22.0
1752,I1,J,Pear,0.7,0.89,15.0
1753,I2,J,Pear,0.7,0.89,12.0
1754,I3,J,Pear,0.7,0.89,7.0
1755,IF,K,Pear,0.7,0.89,23.0
1756,VVS1,K,Pear,0.7,0.89,22.0
1757,VVS2,K,Pear,0.7,0.89,20.0
1758,VS1,K,Pear,0.7,0.89,19.0
1759,VS2,K,Pear,0.7,0.89,18.0
1760,SI1,K,Pear,0.7,0.89,17.0
1761,SI2,K,Pear,0.7,0.89,16.0
1762,SI3,K,Pear,0.7,0.89,15.0
1763,I1,K,Pear,0.7,0.89,14.0
1764,I2,K,Pear,0.7,0.89,10.0
1765,I3,K,Pear,0.7,0.89,7.0
1767,VVS1,L,Pear,0.7,0.89,20.0
1768,VVS2,L,Pear,0.7,0.89,19.0
1770,VS2,L,Pear,0.7,0.89,17.0
1771,SI1,L,Pear,0.7,0.89,16.0
1772,SI2,L,Pear,0.7,0.89,15.0
1773,SI3,L,Pear,0.7,0.89,14.0
1774,I1,L,Pear,0.7,0.89,12.0
1775,I2,L,Pear,0.7,0.89,9.0
1776,I3,L,Pear,0.7,0.89,6.0
1777,IF,M,Pear,0.7,0.89,17.0
1778,VVS1,M,Pear,0.7,0.89,17.0
1779,VVS2,M,Pear,0.7,0.89,16.0
1780,VS1,M,Pear,0.7,0.89,16.0
1781,VS2,M,Pear,0.7,0.89,15.0
1782,SI1,M,Pear,0.7,0.89,14.0
1783,SI2,M,Pear,0.7,0.89,13.0
1784,SI3,M,Pear,0.7,0.89,12.0
1785,I1,M,Pear,0.7,0.89,10.0
1787,I3,M,Pear,0.7,0.89,6.0
1788,IF,D,Pear,0.9,0.99,95.0
1789,VVS1,D,Pear,0.9,0.99,79.0
1790,VVS2,D,Pear,0.9,0.99,71.0
1791,VS1,D,Pear,0.9,0.99,63.0
1792,VS2,D,Pear,0.9,0.99,58.0
1793,SI1,D,Pear,0.9,0.99,55.0
1794,SI2,D,Pear,0.9,0.99,46.0
1795,SI3,D,Pear,0.9,0.99,38.0
1796,I1,D,Pear,0.9,0.99,28.0
1797,I2,D,Pear,0.9,0.99,19.0
1798,I3,D,Pear,0.9,0.99,11.0
1799,IF,E,Pear,0.9,0.99,77.0
1800,VVS1,E,Pear,0.9,0.99,71.0
1801,VVS2,E,Pear,0.9,0.99,61.0
1802,VS1,E,Pear,0.9,0.99,57.0
1804,SI1,E,Pear,0.9,0.99,53.0
1805,SI2,E,Pear,0.9,0.99,44.0
1806,SI3,E,Pear,0.9,0.99,36.0
1807,I1,E,Pear,0.9,0.99,27.0
1808,I2,E,Pear,0.9,0.99,18.0
1809,I3,E,Pear,0.9,0.99,10.0
1810,IF,F,Pear,0.9,0.99,69.0
1811,VVS1,F,Pear,0.9,0.99,61.0
1812,VVS2,F,Pear,0.9,0.99,56.0
1813,VS1,F,Pear,0.9,0.99,54.0
1814,VS2,F,Pear,0.9,0.99,53.0
1815,SI1,F,Pear,0.9,0.99,51.0
1816,SI2,F,Pear,0.9,0.99,43.0
1817,SI3,F,Pear,0.9,0.99,34.0
1818,I1,F,Pear,0.9,0.99,26.0
1819,I2,F,Pear,0.9,0.99,17.0
1821,IF,G,Pear,0.9,0.99,59.0
1822,VVS1,G,Pear,0.9,0.99,56.0
1823,VVS2,G,Pear,0.9,0.99,54.0
1824,VS1,G,Pear,0.9,0.99,53.0
1825,VS2,G,Pear,0.9,0.99,51.0
1826,SI1,G,Pear,0.9,0.99,49.0
1827,SI2,G,Pear,0.9,0.99,41.0
1828,SI3,G,Pear,0.9,0.99,32.0
1829,I1,G,Pear,0.9,0.99,25.0
1830,I2,G,Pear,0.9,0.99,16.0
1831,I3,G,Pear,0.9,0.99,9.0
1832,IF,H,Pear,0.9,0.99,50.0
1833,VVS1,H,Pear,0.9,0.99,49.0
1834,VVS2,H,Pear,0.9,0.99,48.0
1835,VS1,H,Pear,0.9,0.99,47.0
1836,VS2,H,Pear,0.9,0.99,46.0
1838,SI2,H,Pear,0.9,0.99,39.0
1839,SI3,H,Pear,0.9,0.99,30.0
1840,I1,H,Pear,0.9,0.99,24.0
1841,I2,H,Pear,0.9,0.99,16.0
1842,I3,H,Pear,0.9,0.99,9.0
1843,IF,I,Pear,0.9,0.99,46.0
1844,VVS1,I,Pear,0.9,0.99,45.0
1845,VVS2,I,Pear,0.9,0.99,44.0
1846,VS1,I,Pear,0.9,0.99,42.0
1847,VS2,I,Pear,0.9,0.99,41.0
1848,SI1,I,Pear,0.9,0.99,39.0
1849,SI2,I,Pear,0.9,0.99,35.0
1850,SI3,I,Pear,0.9,0.99,28.0
1851,I1,I,Pear,0.9,0.99,23.0
1852,I2,I,Pear,0.9,0.99,15.0
1853,I3,I,Pear,0.9,0.99,9.0
1855,VVS1,J,Pear,0.9,0.99,38.0
1856,VVS2,J,Pear,0.9,0.99,37.0
1857,VS1,J,Pear,0.9,0.99,36.0
1858,VS2,J,Pear,0.9,0.99,35.0
1859,SI1,J,Pear,0.9,0.99,33.0
1860,SI2,J,Pear,0.9,0.99,29.0
1861,SI3,J,Pear,0.9,0.99,25.0
1862,I1,J,Pear,0.9,0.99,20.0
1863,I2,J,Pear,0.9,0.99,14.0
1864,I3,J,Pear,0.9,0.99,8.0
1865,IF,K,Pear,0.9,0.99,32.0
1866,VVS1,K,Pear,0.9,0.99,31.0
1867,VVS2,K,Pear,0.9,0.99,30.0
1868,VS1,K,Pear,0.9,0.99,29.0
1869,VS2,K,Pear,0.9,0.99,28.0
1870,SI1,K,Pear,0.9,0.99,27.0
1872,SI3,K,Pear,0.9,0.99,21.0
1873,I1,K,Pear,0.9,0.99,17.0
1874,I2,K,Pear,0.9,0.99,13.0
1875,I3,K,Pear,0.9,0.99,8.0
1876,IF,L,Pear,0.9,0.99,27.0
1877,VVS1,L,Pear,0.9,0.99,26.0
1878,VVS2,L,Pear,0.9,0.99,25.0
1879,VS1,L,Pear,0.9,0.99,24.0
1880,VS2,L,Pear,0.9,0.99,23.0
1881,SI1,L,Pear,0.9,0.99,22.0
1882,SI2,L,Pear,0.9,0.99,21.0
1883,SI3,L,Pear,0.9,0.99,18.0
1884,I1,L,Pear,0.9,0.99,14.0
1885,I2,L,Pear,0.9,0.99,11.0
1887,IF,M,Pear,0.9,0.99,21.0
1888,VVS1,M,Pear,0.9,0.99,20.0
1890,VS1,M,Pear,0.9,0.99,19.0
1891,VS2,M,Pear,0.9,0.99,19.0
1892,SI1,M,Pear,0.9,0.99,18.0
1893,SI2,M,Pear,0.9,0.99,17.0
1894,SI3,M,Pear,0.9,0.99,16.0
1895,I1,M,Pear,0.9,0.99,12.0
1896,I2,M,Pear,0.9,0.99,10.0
1897,I3,M,Pear,0.9,0.99,7.0
1898,IF,D,Pear,1.0,1.49,145.0
1899,VVS1,D,Pear,1.0,1.49,110.0
1900,VVS2,D,Pear,1.0,1.49,98.0
1901,VS1,D,Pear,1.0,1.49,80.0
1902,VS2,D,Pear,1.0,1.49,75.0
1903,SI1,D,Pear,1.0,1.49,64.0
1904,SI2,D,Pear,1.0,1.49,55.0
1905,SI3,D,Pear,1.0,1.49,45.0
1907,I2,D,Pear,1.0,1.49,22.0
1908,I3,D,Pear,1.0,1.49,13.0
1909,IF,E,Pear,1.0,1.49,108.0
1910,VVS1,E,Pear,1.0,1.49,98.0
1911,VVS2,E,Pear,1.0,1.49,84.0
1912,VS1,E,Pear,1.0,1.49,75.0
1913,VS2,E,Pear,1.0,1.49,70.0
1914,SI1,E,Pear,1.0,1.49,62.0
1915,SI2,E,Pear,1.0,1.49,53.0
1916,SI3,E,Pear,1.0,1.49,43.0
1917,I1,E,Pear,1.0,1.49,33.0
1918,I2,E,Pear,1.0,1.49,21.0
1919,I3,E,Pear,1.0,1.49,12.0
1920,IF,F,Pear,1.0,1.49,95.0
1921,VVS1,F,Pear,1.0,1.49,85.0
1922,VVS2,F,Pear,1.0,1.49,75.0
1924,VS2,F,Pear,1.0,1.49,68.0
1925,SI1,F,Pear,1.0,1.49,60.0
1926,SI2,F,Pear,1.0,1.49,51.0
1927,SI3,F,Pear,1.0,1.49,41.0
1928,I1,F,Pear,1.0,1.49,32.0
1929,I2,F,Pear,1.0,1.49,21.0
1930,I3,F,Pear,1.0,1.49,11.0
1931,IF,G,Pear,1.0,1.49,78.0
1932,VVS1,G,Pear,1.0,1.49,72.0
1933,VVS2,G,Pear,1.0,1.49,69.0
1934,VS1,G,Pear,1.0,1.49,66.0
1935,VS2,G,Pear,1.0,1.49,64.0
1936,SI1,G,Pear,1.0,1.49,57.0
1937,SI2,G,Pear,1.0,1.49,49.0
1938,SI3,G,Pear,1.0,1.49,39.0
1939,I1,G,Pear,1.0,1.49,30.0
1941,I3,G,Pear,1.0,1.49,10.0
1942,IF,H,Pear,1.0,1.49,66.0
1943,VVS1,H,Pear,1.0,1.49,60.0
1944,VVS2,H,Pear,1.0,1.49,57.0
1945,VS1,H,Pear,1.0,1.49,56.0
1946,VS2,H,Pear,1.0,1.49,54.0
1947,SI1,H,Pear,1.0,1.49,52.0
1948,SI2,H,Pear,1.0,1.49,46.0
1949,SI3,H,Pear,1.0,1.49,37.0
1950,I1,H,Pear,1.0,1.49,29.0
1951,I2,H,Pear,1.0,1.49,19.0
1952,I3,H,Pear,1.0,1.49,10.0
1953,IF,I,Pear,1.0,1.49,54.0
1954,VVS1,I,Pear,1.0,1.49,52.0
1955,VVS2,I,Pear,1.0,1.49,50.0
1956,VS1,I,Pear,1.0,1.49,49.0
1958,SI1,I,Pear,1.0,1.49,45.0
1959,SI2,I,Pear,1.0,1.49,41.0
1960,SI3,I,Pear,1.0,1.49,34.0
1961,I1,I,Pear,1.0,1.49,27.0
1962,I2,I,Pear,1.0,1.49,18.0
1963,I3,I,Pear,1.0,1.49,10.0
1964,IF,J,Pear,1.0,1.49,48.0
1965,VVS1,J,Pear,1.0,1.49,45.0
1966,VVS2,J,Pear,1.0,1.49,43.0
1967,VS1,J,Pear,1.0,1.49,41.0
1968,VS2,J,Pear,1.0,1.49,39.0
1969,SI1,J,Pear,1.0,1.49,37.0
1970,SI2,J,Pear,1.0,1.49,35.0
1971,SI3,J,Pear,1.0,1.49,29.0
1972,I1,J,Pear,1.0,1.49,24.0
1973,I2,J,Pear,1.0,1.49,16.0
1975,IF,K,Pear,1.0,1.49,39.0
1976,VVS1,K,Pear,1.0,1.49,36.0
1977,VVS2,K,Pear,1.0,1.49,35.0
1978,VS1,K,Pear,1.0,1.49,33.0
1979,VS2,K,Pear,1.0,1.49,31.0
1980,SI1,K,Pear,1.0,1.49,30.0
1981,SI2,K,Pear,1.0,1.49,28.0
1982,SI3,K,Pear,1.0,1.49,24.0
1983,I1,K,Pear,1.0,1.49,20.0
1984,I2,K,Pear,1.0,1.49,15.0
1985,I3,K,Pear,1.0,1.49,9.0
1986,IF,L,Pear,1.0,1.49,33.0
1987,VVS1,L,Pear,1.0,1.49,31.0
1988,VVS2,L,Pear,1.0,1.49,30.0
1989,VS1,L,Pear,1.0,1.49,29.0
1990,VS2,L,Pear,1.0,1.49,27.0
1992,SI2,L,Pear,1.0,1.49,25.0
1993,SI3,L,Pear,1.0,1.49,21.0
1994,I1,L,Pear,1.0,1.49,18.0
1995,I2,L,Pear,1.0,1.49,13.0
1996,I3,L,Pear,1.0,1.49,9.0
1997,IF,M,Pear,1.0,1.49,28.0
1998,VVS1,M,Pear,1.0,1.49,26.0
1999,VVS2,M,Pear,1.0,1.49,24.0
2000,VS1,M,Pear,1.0,1.49,23.0
2001,VS2,M,Pear,1.0,1.49,22.0
2002,SI1,M,Pear,1.0,1.49,21.0
2003,SI2,M,Pear,1.0,1.49,20.0
2004,SI3,M,Pear,1.0,1.49,19.0
2005,I1,M,Pear,1.0,1.49,15.0
2043,VVS2,G,Pear,1.5,1.99,96.0
2045,VS2,G,Pear,1.5,1.99,86.0
2046,SI1,G,Pear,1.5,1.99,80.0
2052,IF,H,Pear,1.5,1.99,87.0
2053,VVS1,H,Pear,1.5,1.99,83.0
2054,VVS2,H,Pear,1.5,1.99,81.0
2055,VS1,H,Pear,1.5,1.99,79.0
2056,VS2,H,Pear,1.5,1.99,76.0
2057,SI1,H,Pear,1.5,1.99,72.0
2058,SI2,H,Pear,1.5,1.99,62.0
2067,VS2,I,Pear,1.5,1.99,63.0
2068,SI1,I,Pear,1.5,1.99,61.0
2069,SI2,I,Pear,1.5,1.99,55.0
2076,VVS2,J,Pear,1.5,1.99,52.0
2077,VS1,J,Pear,1.5,1.99,51.0
2078,VS2,J,Pear,1.5,1.99,50.0
2079,SI1,J,Pear,1.5,1.99,49.0
2124,SI2,D,Pear,2.0,2.99,93.0
2006,I2,M,Pear,1.0,1.49,11.0
2007,I3,M,Pear,1.0,1.49,8.0
2008,IF,D,Pear,1.5,1.99,170.0
2009,VVS1,D,Pear,1.5,1.99,147.0
2010,VVS2,D,Pear,1.5,1.99,132.0
2011,VS1,D,Pear,1.5,1.99,115.0
2012,VS2,D,Pear,1.5,1.99,103.0
2013,SI1,D,Pear,1.5,1.99,89.0
2014,SI2,D,Pear,1.5,1.99,71.0
2015,SI3,D,Pear,1.5,1.99,56.0
2016,I1,D,Pear,1.5,1.99,41.0
2017,I2,D,Pear,1.5,1.99,25.0
2018,I3,D,Pear,1.5,1.99,14.0
2019,IF,E,Pear,1.5,1.99,145.0
2020,VVS1,E,Pear,1.5,1.99,132.0
2022,VS1,E,Pear,1.5,1.99,110.0
2023,VS2,E,Pear,1.5,1.99,98.0
2024,SI1,E,Pear,1.5,1.99,87.0
2025,SI2,E,Pear,1.5,1.99,69.0
2026,SI3,E,Pear,1.5,1.99,54.0
2027,I1,E,Pear,1.5,1.99,40.0
2028,I2,E,Pear,1.5,1.99,24.0
2029,I3,E,Pear,1.5,1.99,13.0
2030,IF,F,Pear,1.5,1.99,125.0
2031,VVS1,F,Pear,1.5,1.99,112.0
2032,VVS2,F,Pear,1.5,1.99,105.0
2033,VS1,F,Pear,1.5,1.99,100.0
2034,VS2,F,Pear,1.5,1.99,95.0
2035,SI1,F,Pear,1.5,1.99,84.0
2036,SI2,F,Pear,1.5,1.99,67.0
2037,SI3,F,Pear,1.5,1.99,51.0
2039,I2,F,Pear,1.5,1.99,23.0
2040,I3,F,Pear,1.5,1.99,12.0
2047,SI2,G,Pear,1.5,1.99,65.0
2048,SI3,G,Pear,1.5,1.99,48.0
2049,I1,G,Pear,1.5,1.99,36.0
2050,I2,G,Pear,1.5,1.99,22.0
2051,I3,G,Pear,1.5,1.99,11.0
2059,SI3,H,Pear,1.5,1.99,45.0
2060,I1,H,Pear,1.5,1.99,34.0
2061,I2,H,Pear,1.5,1.99,21.0
2062,I3,H,Pear,1.5,1.99,10.0
2063,IF,I,Pear,1.5,1.99,68.0
2064,VVS1,I,Pear,1.5,1.99,66.0
2065,VVS2,I,Pear,1.5,1.99,65.0
2066,VS1,I,Pear,1.5,1.99,64.0
2070,SI3,I,Pear,1.5,1.99,42.0
2072,I2,I,Pear,1.5,1.99,19.0
2073,I3,I,Pear,1.5,1.99,10.0
2074,IF,J,Pear,1.5,1.99,55.0
2075,VVS1,J,Pear,1.5,1.99,53.0
2081,SI3,J,Pear,1.5,1.99,35.0
2082,I1,J,Pear,1.5,1.99,28.0
2083,I2,J,Pear,1.5,1.99,17.0
2084,I3,J,Pear,1.5,1.99,10.0
2085,IF,K,Pear,1.5,1.99,45.0
2086,VVS1,K,Pear,1.5,1.99,44.0
2087,VVS2,K,Pear,1.5,1.99,42.0
2088,VS1,K,Pear,1.5,1.99,40.0
2089,VS2,K,Pear,1.5,1.99,38.0
2090,SI1,K,Pear,1.5,1.99,37.0
2091,SI2,K,Pear,1.5,1.99,35.0
2092,SI3,K,Pear,1.5,1.99,30.0
2094,I2,K,Pear,1.5,1.99,16.0
2095,I3,K,Pear,1.5,1.99,9.0
2096,IF,L,Pear,1.5,1.99,40.0
2097,VVS1,L,Pear,1.5,1.99,38.0
2098,VVS2,L,Pear,1.5,1.99,37.0
2099,VS1,L,Pear,1.5,1.99,36.0
2100,VS2,L,Pear,1.5,1.99,35.0
2101,SI1,L,Pear,1.5,1.99,33.0
2102,SI2,L,Pear,1.5,1.99,31.0
2103,SI3,L,Pear,1.5,1.99,26.0
2104,I1,L,Pear,1.5,1.99,23.0
2105,I2,L,Pear,1.5,1.99,14.0
2106,I3,L,Pear,1.5,1.99,9.0
2107,IF,M,Pear,1.5,1.99,32.0
2108,VVS1,M,Pear,1.5,1.99,31.0
2109,VVS2,M,Pear,1.5,1.99,30.0
2111,VS2,M,Pear,1.5,1.99,28.0
2112,SI1,M,Pear,1.5,1.99,26.0
2113,SI2,M,Pear,1.5,1.99,24.0
2114,SI3,M,Pear,1.5,1.99,22.0
2115,I1,M,Pear,1.5,1.99,20.0
2116,I2,M,Pear,1.5,1.99,13.0
2117,I3,M,Pear,1.5,1.99,9.0
2118,IF,D,Pear,2.0,2.99,245.0
2119,VVS1,D,Pear,2.0,2.99,220.0
2120,VVS2,D,Pear,2.0,2.99,200.0
2121,VS1,D,Pear,2.0,2.99,180.0
2122,VS2,D,Pear,2.0,2.99,155.0
2123,SI1,D,Pear,2.0,2.99,125.0
2125,SI3,D,Pear,2.0,2.99,67.0
2042,VVS1,G,Pear,1.5,1.99,99.0
2154,VS1,G,Pear,2.0,2.99,128.0
2157,SI2,G,Pear,2.0,2.99,86.0
2165,VS1,H,Pear,2.0,2.99,102.0
2166,VS2,H,Pear,2.0,2.99,97.0
2167,SI1,H,Pear,2.0,2.99,92.0
2168,SI2,H,Pear,2.0,2.99,79.0
2177,VS2,I,Pear,2.0,2.99,79.0
2178,SI1,I,Pear,2.0,2.99,77.0
2179,SI2,I,Pear,2.0,2.99,74.0
2188,VS2,J,Pear,2.0,2.99,66.0
2189,SI1,J,Pear,2.0,2.99,64.0
2190,SI2,J,Pear,2.0,2.99,61.0
2233,SI1,D,Pear,3.0,3.99,185.0
2234,SI2,D,Pear,3.0,3.99,135.0
2244,SI1,E,Pear,3.0,3.99,175.0
2245,SI2,E,Pear,3.0,3.99,128.0
2126,I1,D,Pear,2.0,2.99,53.0
2128,I3,D,Pear,2.0,2.99,15.0
2129,IF,E,Pear,2.0,2.99,210.0
2130,VVS1,E,Pear,2.0,2.99,190.0
2131,VVS2,E,Pear,2.0,2.99,175.0
2132,VS1,E,Pear,2.0,2.99,160.0
2133,VS2,E,Pear,2.0,2.99,140.0
2134,SI1,E,Pear,2.0,2.99,120.0
2136,SI3,E,Pear,2.0,2.99,65.0
2137,I1,E,Pear,2.0,2.99,50.0
2138,I2,E,Pear,2.0,2.99,27.0
2139,I3,E,Pear,2.0,2.99,14.0
2140,IF,F,Pear,2.0,2.99,185.0
2141,VVS1,F,Pear,2.0,2.99,165.0
2142,VVS2,F,Pear,2.0,2.99,155.0
2143,VS1,F,Pear,2.0,2.99,140.0
2144,VS2,F,Pear,2.0,2.99,130.0
2147,SI3,F,Pear,2.0,2.99,63.0
2148,I1,F,Pear,2.0,2.99,47.0
2149,I2,F,Pear,2.0,2.99,26.0
2150,I3,F,Pear,2.0,2.99,13.0
2151,IF,G,Pear,2.0,2.99,150.0
2152,VVS1,G,Pear,2.0,2.99,140.0
2153,VVS2,G,Pear,2.0,2.99,135.0
2156,SI1,G,Pear,2.0,2.99,105.0
2158,SI3,G,Pear,2.0,2.99,58.0
2159,I1,G,Pear,2.0,2.99,44.0
2160,I2,G,Pear,2.0,2.99,25.0
2161,I3,G,Pear,2.0,2.99,12.0
2162,IF,H,Pear,2.0,2.99,120.0
2163,VVS1,H,Pear,2.0,2.99,110.0
2164,VVS2,H,Pear,2.0,2.99,105.0
2169,SI3,H,Pear,2.0,2.99,53.0
2171,I2,H,Pear,2.0,2.99,23.0
2172,I3,H,Pear,2.0,2.99,11.0
2173,IF,I,Pear,2.0,2.99,90.0
2174,VVS1,I,Pear,2.0,2.99,87.0
2175,VVS2,I,Pear,2.0,2.99,84.0
2176,VS1,I,Pear,2.0,2.99,81.0
2180,SI3,I,Pear,2.0,2.99,48.0
2181,I1,I,Pear,2.0,2.99,38.0
2182,I2,I,Pear,2.0,2.99,21.0
2183,I3,I,Pear,2.0,2.99,11.0
2184,IF,J,Pear,2.0,2.99,75.0
2185,VVS1,J,Pear,2.0,2.99,71.0
2186,VVS2,J,Pear,2.0,2.99,69.0
2187,VS1,J,Pear,2.0,2.99,67.0
2191,SI3,J,Pear,2.0,2.99,43.0
2192,I1,J,Pear,2.0,2.99,35.0
2194,I3,J,Pear,2.0,2.99,11.0
2195,IF,K,Pear,2.0,2.99,65.0
2196,VVS1,K,Pear,2.0,2.99,61.0
2197,VVS2,K,Pear,2.0,2.99,59.0
2198,VS1,K,Pear,2.0,2.99,57.0
2199,VS2,K,Pear,2.0,2.99,55.0
2200,SI1,K,Pear,2.0,2.99,53.0
2201,SI2,K,Pear,2.0,2.99,50.0
2202,SI3,K,Pear,2.0,2.99,37.0
2203,I1,K,Pear,2.0,2.99,31.0
2204,I2,K,Pear,2.0,2.99,18.0
2205,I3,K,Pear,2.0,2.99,10.0
2206,IF,L,Pear,2.0,2.99,50.0
2207,VVS1,L,Pear,2.0,2.99,47.0
2208,VVS2,L,Pear,2.0,2.99,45.0
2209,VS1,L,Pear,2.0,2.99,43.0
2211,SI1,L,Pear,2.0,2.99,40.0
2212,SI2,L,Pear,2.0,2.99,37.0
2213,SI3,L,Pear,2.0,2.99,33.0
2214,I1,L,Pear,2.0,2.99,27.0
2215,I2,L,Pear,2.0,2.99,17.0
2216,I3,L,Pear,2.0,2.99,10.0
2217,IF,M,Pear,2.0,2.99,42.0
2218,VVS1,M,Pear,2.0,2.99,41.0
2219,VVS2,M,Pear,2.0,2.99,40.0
2220,VS1,M,Pear,2.0,2.99,39.0
2221,VS2,M,Pear,2.0,2.99,38.0
2222,SI1,M,Pear,2.0,2.99,36.0
2223,SI2,M,Pear,2.0,2.99,31.0
2224,SI3,M,Pear,2.0,2.99,27.0
2225,I1,M,Pear,2.0,2.99,23.0
2226,I2,M,Pear,2.0,2.99,16.0
2228,IF,D,Pear,3.0,3.99,520.0
2229,VVS1,D,Pear,3.0,3.99,380.0
2230,VVS2,D,Pear,3.0,3.99,330.0
2231,VS1,D,Pear,3.0,3.99,295.0
2232,VS2,D,Pear,3.0,3.99,250.0
2235,SI3,D,Pear,3.0,3.99,82.0
2236,I1,D,Pear,3.0,3.99,64.0
2237,I2,D,Pear,3.0,3.99,32.0
2238,I3,D,Pear,3.0,3.99,16.0
2239,IF,E,Pear,3.0,3.99,370.0
2240,VVS1,E,Pear,3.0,3.99,335.0
2241,VVS2,E,Pear,3.0,3.99,305.0
2242,VS1,E,Pear,3.0,3.99,265.0
2243,VS2,E,Pear,3.0,3.99,230.0
2146,SI2,F,Pear,2.0,2.99,89.0
2267,SI2,G,Pear,3.0,3.99,116.0
2278,SI2,H,Pear,3.0,3.99,109.0
2289,SI2,I,Pear,3.0,3.99,98.0
2299,SI1,J,Pear,3.0,3.99,90.0
2300,SI2,J,Pear,3.0,3.99,84.0
2344,SI2,D,Pear,4.0,4.99,149.0
2355,SI2,E,Pear,4.0,4.99,142.0
2246,SI3,E,Pear,3.0,3.99,80.0
2247,I1,E,Pear,3.0,3.99,60.0
2248,I2,E,Pear,3.0,3.99,30.0
2249,I3,E,Pear,3.0,3.99,15.0
2250,IF,F,Pear,3.0,3.99,325.0
2251,VVS1,F,Pear,3.0,3.99,300.0
2252,VVS2,F,Pear,3.0,3.99,265.0
2253,VS1,F,Pear,3.0,3.99,245.0
2254,VS2,F,Pear,3.0,3.99,210.0
2255,SI1,F,Pear,3.0,3.99,160.0
2258,I1,F,Pear,3.0,3.99,56.0
2259,I2,F,Pear,3.0,3.99,28.0
2260,I3,F,Pear,3.0,3.99,14.0
2261,IF,G,Pear,3.0,3.99,275.0
2262,VVS1,G,Pear,3.0,3.99,255.0
2263,VVS2,G,Pear,3.0,3.99,235.0
2264,VS1,G,Pear,3.0,3.99,210.0
2265,VS2,G,Pear,3.0,3.99,180.0
2268,SI3,G,Pear,3.0,3.99,71.0
2269,I1,G,Pear,3.0,3.99,52.0
2270,I2,G,Pear,3.0,3.99,26.0
2271,I3,G,Pear,3.0,3.99,14.0
2272,IF,H,Pear,3.0,3.99,220.0
2273,VVS1,H,Pear,3.0,3.99,210.0
2274,VVS2,H,Pear,3.0,3.99,195.0
2275,VS1,H,Pear,3.0,3.99,175.0
2279,SI3,H,Pear,3.0,3.99,64.0
2280,I1,H,Pear,3.0,3.99,48.0
2281,I2,H,Pear,3.0,3.99,25.0
2282,I3,H,Pear,3.0,3.99,13.0
2283,IF,I,Pear,3.0,3.99,170.0
2284,VVS1,I,Pear,3.0,3.99,160.0
2285,VVS2,I,Pear,3.0,3.99,150.0
2286,VS1,I,Pear,3.0,3.99,140.0
2287,VS2,I,Pear,3.0,3.99,120.0
2288,SI1,I,Pear,3.0,3.99,110.0
2290,SI3,I,Pear,3.0,3.99,58.0
2291,I1,I,Pear,3.0,3.99,45.0
2292,I2,I,Pear,3.0,3.99,24.0
2293,I3,I,Pear,3.0,3.99,13.0
2294,IF,J,Pear,3.0,3.99,125.0
2295,VVS1,J,Pear,3.0,3.99,120.0
2297,VS1,J,Pear,3.0,3.99,105.0
2298,VS2,J,Pear,3.0,3.99,95.0
2301,SI3,J,Pear,3.0,3.99,54.0
2302,I1,J,Pear,3.0,3.99,42.0
2303,I2,J,Pear,3.0,3.99,23.0
2304,I3,J,Pear,3.0,3.99,12.0
2305,IF,K,Pear,3.0,3.99,100.0
2306,VVS1,K,Pear,3.0,3.99,95.0
2307,VVS2,K,Pear,3.0,3.99,90.0
2308,VS1,K,Pear,3.0,3.99,85.0
2309,VS2,K,Pear,3.0,3.99,80.0
2310,SI1,K,Pear,3.0,3.99,72.0
2311,SI2,K,Pear,3.0,3.99,65.0
2312,SI3,K,Pear,3.0,3.99,47.0
2313,I1,K,Pear,3.0,3.99,38.0
2314,I2,K,Pear,3.0,3.99,22.0
2316,IF,L,Pear,3.0,3.99,68.0
2317,VVS1,L,Pear,3.0,3.99,65.0
2318,VVS2,L,Pear,3.0,3.99,62.0
2319,VS1,L,Pear,3.0,3.99,59.0
2320,VS2,L,Pear,3.0,3.99,56.0
2321,SI1,L,Pear,3.0,3.99,53.0
2322,SI2,L,Pear,3.0,3.99,48.0
2323,SI3,L,Pear,3.0,3.99,40.0
2324,I1,L,Pear,3.0,3.99,35.0
2325,I2,L,Pear,3.0,3.99,20.0
2326,I3,L,Pear,3.0,3.99,11.0
2327,IF,M,Pear,3.0,3.99,57.0
2328,VVS1,M,Pear,3.0,3.99,55.0
2329,VVS2,M,Pear,3.0,3.99,53.0
2330,VS1,M,Pear,3.0,3.99,51.0
2331,VS2,M,Pear,3.0,3.99,49.0
2333,SI2,M,Pear,3.0,3.99,40.0
2334,SI3,M,Pear,3.0,3.99,35.0
2335,I1,M,Pear,3.0,3.99,30.0
2336,I2,M,Pear,3.0,3.99,18.0
2337,I3,M,Pear,3.0,3.99,10.0
2338,IF,D,Pear,4.0,4.99,600.0
2339,VVS1,D,Pear,4.0,4.99,480.0
2340,VVS2,D,Pear,4.0,4.99,440.0
2341,VS1,D,Pear,4.0,4.99,410.0
2342,VS2,D,Pear,4.0,4.99,360.0
2343,SI1,D,Pear,4.0,4.99,220.0
2345,SI3,D,Pear,4.0,4.99,90.0
2346,I1,D,Pear,4.0,4.99,69.0
2347,I2,D,Pear,4.0,4.99,35.0
2348,I3,D,Pear,4.0,4.99,19.0
2349,IF,E,Pear,4.0,4.99,470.0
2351,VVS2,E,Pear,4.0,4.99,415.0
2352,VS1,E,Pear,4.0,4.99,375.0
2353,VS2,E,Pear,4.0,4.99,335.0
2354,SI1,E,Pear,4.0,4.99,210.0
2356,SI3,E,Pear,4.0,4.99,87.0
2357,I1,E,Pear,4.0,4.99,66.0
2358,I2,E,Pear,4.0,4.99,33.0
2359,I3,E,Pear,4.0,4.99,17.0
2360,IF,F,Pear,4.0,4.99,430.0
2361,VVS1,F,Pear,4.0,4.99,410.0
2362,VVS2,F,Pear,4.0,4.99,375.0
2363,VS1,F,Pear,4.0,4.99,340.0
2364,VS2,F,Pear,4.0,4.99,295.0
2365,SI1,F,Pear,4.0,4.99,195.0
2266,SI1,G,Pear,3.0,3.99,144.0
2399,SI2,I,Pear,4.0,4.99,109.0
2410,SI2,J,Pear,4.0,4.99,98.0
2453,SI1,D,Pear,5.0,5.99,305.0
2454,SI2,D,Pear,5.0,5.99,205.0
2465,SI2,E,Pear,5.0,5.99,195.0
2476,SI2,F,Pear,5.0,5.99,185.0
2367,SI3,F,Pear,4.0,4.99,84.0
2368,I1,F,Pear,4.0,4.99,62.0
2369,I2,F,Pear,4.0,4.99,31.0
2370,I3,F,Pear,4.0,4.99,16.0
2371,IF,G,Pear,4.0,4.99,365.0
2372,VVS1,G,Pear,4.0,4.99,330.0
2373,VVS2,G,Pear,4.0,4.99,310.0
2374,VS1,G,Pear,4.0,4.99,290.0
2375,VS2,G,Pear,4.0,4.99,250.0
2376,SI1,G,Pear,4.0,4.99,175.0
2377,SI2,G,Pear,4.0,4.99,128.0
2379,I1,G,Pear,4.0,4.99,58.0
2380,I2,G,Pear,4.0,4.99,29.0
2381,I3,G,Pear,4.0,4.99,15.0
2382,IF,H,Pear,4.0,4.99,300.0
2383,VVS1,H,Pear,4.0,4.99,280.0
2384,VVS2,H,Pear,4.0,4.99,260.0
2385,VS1,H,Pear,4.0,4.99,240.0
2386,VS2,H,Pear,4.0,4.99,210.0
2387,SI1,H,Pear,4.0,4.99,155.0
2389,SI3,H,Pear,4.0,4.99,75.0
2390,I1,H,Pear,4.0,4.99,55.0
2391,I2,H,Pear,4.0,4.99,27.0
2392,I3,H,Pear,4.0,4.99,14.0
2393,IF,I,Pear,4.0,4.99,210.0
2394,VVS1,I,Pear,4.0,4.99,200.0
2395,VVS2,I,Pear,4.0,4.99,190.0
2397,VS2,I,Pear,4.0,4.99,170.0
2398,SI1,I,Pear,4.0,4.99,135.0
2400,SI3,I,Pear,4.0,4.99,69.0
2401,I1,I,Pear,4.0,4.99,52.0
2402,I2,I,Pear,4.0,4.99,26.0
2403,I3,I,Pear,4.0,4.99,14.0
2404,IF,J,Pear,4.0,4.99,165.0
2405,VVS1,J,Pear,4.0,4.99,155.0
2406,VVS2,J,Pear,4.0,4.99,145.0
2407,VS1,J,Pear,4.0,4.99,140.0
2408,VS2,J,Pear,4.0,4.99,130.0
2411,SI3,J,Pear,4.0,4.99,62.0
2412,I1,J,Pear,4.0,4.99,48.0
2413,I2,J,Pear,4.0,4.99,24.0
2414,I3,J,Pear,4.0,4.99,13.0
2415,IF,K,Pear,4.0,4.99,130.0
2417,VVS2,K,Pear,4.0,4.99,115.0
2418,VS1,K,Pear,4.0,4.99,110.0
2419,VS2,K,Pear,4.0,4.99,100.0
2420,SI1,K,Pear,4.0,4.99,90.0
2421,SI2,K,Pear,4.0,4.99,83.0
2422,SI3,K,Pear,4.0,4.99,55.0
2423,I1,K,Pear,4.0,4.99,44.0
2424,I2,K,Pear,4.0,4.99,23.0
2425,I3,K,Pear,4.0,4.99,13.0
2426,IF,L,Pear,4.0,4.99,85.0
2427,VVS1,L,Pear,4.0,4.99,82.0
2428,VVS2,L,Pear,4.0,4.99,80.0
2429,VS1,L,Pear,4.0,4.99,75.0
2430,VS2,L,Pear,4.0,4.99,70.0
2431,SI1,L,Pear,4.0,4.99,66.0
2432,SI2,L,Pear,4.0,4.99,62.0
2434,I1,L,Pear,4.0,4.99,38.0
2435,I2,L,Pear,4.0,4.99,21.0
2436,I3,L,Pear,4.0,4.99,12.0
2437,IF,M,Pear,4.0,4.99,70.0
2438,VVS1,M,Pear,4.0,4.99,67.0
2439,VVS2,M,Pear,4.0,4.99,63.0
2440,VS1,M,Pear,4.0,4.99,60.0
2441,VS2,M,Pear,4.0,4.99,58.0
2442,SI1,M,Pear,4.0,4.99,55.0
2443,SI2,M,Pear,4.0,4.99,52.0
2444,SI3,M,Pear,4.0,4.99,38.0
2445,I1,M,Pear,4.0,4.99,32.0
2446,I2,M,Pear,4.0,4.99,19.0
2447,I3,M,Pear,4.0,4.99,11.0
2448,IF,D,Pear,5.0,5.99,930.0
2449,VVS1,D,Pear,5.0,5.99,690.0
2451,VS1,D,Pear,5.0,5.99,590.0
2452,VS2,D,Pear,5.0,5.99,470.0
2455,SI3,D,Pear,5.0,5.99,105.0
2456,I1,D,Pear,5.0,5.99,80.0
2457,I2,D,Pear,5.0,5.99,38.0
2458,I3,D,Pear,5.0,5.99,19.0
2459,IF,E,Pear,5.0,5.99,660.0
2460,VVS1,E,Pear,5.0,5.99,630.0
2461,VVS2,E,Pear,5.0,5.99,600.0
2462,VS1,E,Pear,5.0,5.99,540.0
2463,VS2,E,Pear,5.0,5.99,440.0
2464,SI1,E,Pear,5.0,5.99,285.0
2466,SI3,E,Pear,5.0,5.99,100.0
2467,I1,E,Pear,5.0,5.99,75.0
2468,I2,E,Pear,5.0,5.99,36.0
2469,I3,E,Pear,5.0,5.99,17.0
2471,VVS1,F,Pear,5.0,5.99,560.0
2472,VVS2,F,Pear,5.0,5.99,530.0
2473,VS1,F,Pear,5.0,5.99,475.0
2474,VS2,F,Pear,5.0,5.99,385.0
2475,SI1,F,Pear,5.0,5.99,265.0
2477,SI3,F,Pear,5.0,5.99,95.0
2478,I1,F,Pear,5.0,5.99,70.0
2479,I2,F,Pear,5.0,5.99,34.0
2480,I3,F,Pear,5.0,5.99,16.0
2481,IF,G,Pear,5.0,5.99,470.0
2482,VVS1,G,Pear,5.0,5.99,440.0
2483,VVS2,G,Pear,5.0,5.99,410.0
2484,VS1,G,Pear,5.0,5.99,380.0
2485,VS2,G,Pear,5.0,5.99,315.0
2388,SI2,H,Pear,4.0,4.99,120.0
2497,SI1,H,Pear,5.0,5.99,205.0
2508,SI1,I,Pear,5.0,5.99,175.0
2509,SI2,I,Pear,5.0,5.99,143.0
2520,SI2,J,Pear,5.0,5.99,129.0
2563,SI1,D,Pear,10.0,10.99,485.0
2564,SI2,D,Pear,10.0,10.99,330.0
2575,SI2,E,Pear,10.0,10.99,310.0
2596,SI1,G,Pear,10.0,10.99,385.0
2488,SI3,G,Pear,5.0,5.99,90.0
2489,I1,G,Pear,5.0,5.99,65.0
2490,I2,G,Pear,5.0,5.99,32.0
2491,I3,G,Pear,5.0,5.99,16.0
2492,IF,H,Pear,5.0,5.99,390.0
2493,VVS1,H,Pear,5.0,5.99,360.0
2494,VVS2,H,Pear,5.0,5.99,330.0
2495,VS1,H,Pear,5.0,5.99,305.0
2496,VS2,H,Pear,5.0,5.99,270.0
2500,I1,H,Pear,5.0,5.99,62.0
2501,I2,H,Pear,5.0,5.99,30.0
2502,I3,H,Pear,5.0,5.99,15.0
2503,IF,I,Pear,5.0,5.99,285.0
2504,VVS1,I,Pear,5.0,5.99,275.0
2505,VVS2,I,Pear,5.0,5.99,250.0
2506,VS1,I,Pear,5.0,5.99,230.0
2507,VS2,I,Pear,5.0,5.99,210.0
2510,SI3,I,Pear,5.0,5.99,80.0
2511,I1,I,Pear,5.0,5.99,59.0
2512,I2,I,Pear,5.0,5.99,28.0
2513,I3,I,Pear,5.0,5.99,15.0
2514,IF,J,Pear,5.0,5.99,205.0
2515,VVS1,J,Pear,5.0,5.99,200.0
2516,VVS2,J,Pear,5.0,5.99,190.0
2517,VS1,J,Pear,5.0,5.99,170.0
2519,SI1,J,Pear,5.0,5.99,150.0
2521,SI3,J,Pear,5.0,5.99,72.0
2522,I1,J,Pear,5.0,5.99,54.0
2523,I2,J,Pear,5.0,5.99,26.0
2524,I3,J,Pear,5.0,5.99,14.0
2525,IF,K,Pear,5.0,5.99,160.0
2526,VVS1,K,Pear,5.0,5.99,155.0
2527,VVS2,K,Pear,5.0,5.99,145.0
2528,VS1,K,Pear,5.0,5.99,135.0
2529,VS2,K,Pear,5.0,5.99,130.0
2530,SI1,K,Pear,5.0,5.99,115.0
2531,SI2,K,Pear,5.0,5.99,98.0
2532,SI3,K,Pear,5.0,5.99,65.0
2533,I1,K,Pear,5.0,5.99,51.0
2534,I2,K,Pear,5.0,5.99,25.0
2535,I3,K,Pear,5.0,5.99,14.0
2537,VVS1,L,Pear,5.0,5.99,105.0
2538,VVS2,L,Pear,5.0,5.99,100.0
2539,VS1,L,Pear,5.0,5.99,95.0
2540,VS2,L,Pear,5.0,5.99,90.0
2541,SI1,L,Pear,5.0,5.99,85.0
2542,SI2,L,Pear,5.0,5.99,78.0
2543,SI3,L,Pear,5.0,5.99,56.0
2544,I1,L,Pear,5.0,5.99,47.0
2545,I2,L,Pear,5.0,5.99,23.0
2546,I3,L,Pear,5.0,5.99,13.0
2547,IF,M,Pear,5.0,5.99,95.0
2548,VVS1,M,Pear,5.0,5.99,90.0
2549,VVS2,M,Pear,5.0,5.99,85.0
2550,VS1,M,Pear,5.0,5.99,80.0
2551,VS2,M,Pear,5.0,5.99,75.0
2552,SI1,M,Pear,5.0,5.99,70.0
2554,SI3,M,Pear,5.0,5.99,50.0
2555,I1,M,Pear,5.0,5.99,38.0
2556,I2,M,Pear,5.0,5.99,21.0
2557,I3,M,Pear,5.0,5.99,12.0
2558,IF,D,Pear,10.0,10.99,1580.0
2559,VVS1,D,Pear,10.0,10.99,1140.0
2560,VVS2,D,Pear,10.0,10.99,1030.0
2561,VS1,D,Pear,10.0,10.99,960.0
2562,VS2,D,Pear,10.0,10.99,790.0
2565,SI3,D,Pear,10.0,10.99,155.0
2566,I1,D,Pear,10.0,10.99,99.0
2567,I2,D,Pear,10.0,10.99,53.0
2568,I3,D,Pear,10.0,10.99,23.0
2569,IF,E,Pear,10.0,10.99,1120.0
2570,VVS1,E,Pear,10.0,10.99,1020.0
2571,VVS2,E,Pear,10.0,10.99,940.0
2573,VS2,E,Pear,10.0,10.99,740.0
2574,SI1,E,Pear,10.0,10.99,450.0
2576,SI3,E,Pear,10.0,10.99,145.0
2577,I1,E,Pear,10.0,10.99,95.0
2578,I2,E,Pear,10.0,10.99,50.0
2579,I3,E,Pear,10.0,10.99,22.0
2580,IF,F,Pear,10.0,10.99,950.0
2581,VVS1,F,Pear,10.0,10.99,890.0
2582,VVS2,F,Pear,10.0,10.99,850.0
2583,VS1,F,Pear,10.0,10.99,740.0
2584,VS2,F,Pear,10.0,10.99,640.0
2585,SI1,F,Pear,10.0,10.99,420.0
2586,SI2,F,Pear,10.0,10.99,290.0
2587,SI3,F,Pear,10.0,10.99,140.0
2588,I1,F,Pear,10.0,10.99,91.0
2589,I2,F,Pear,10.0,10.99,48.0
2591,IF,G,Pear,10.0,10.99,750.0
2592,VVS1,G,Pear,10.0,10.99,710.0
2593,VVS2,G,Pear,10.0,10.99,660.0
2594,VS1,G,Pear,10.0,10.99,630.0
2595,VS2,G,Pear,10.0,10.99,530.0
2597,SI2,G,Pear,10.0,10.99,270.0
2598,SI3,G,Pear,10.0,10.99,135.0
2599,I1,G,Pear,10.0,10.99,87.0
2600,I2,G,Pear,10.0,10.99,45.0
2601,I3,G,Pear,10.0,10.99,20.0
2602,IF,H,Pear,10.0,10.99,610.0
2603,VVS1,H,Pear,10.0,10.99,570.0
2604,VVS2,H,Pear,10.0,10.99,540.0
2605,VS1,H,Pear,10.0,10.99,510.0
2487,SI2,G,Pear,5.0,5.99,175.0
2669,SI1,J,Pear,0.25,0.29,10.0
2670,SI2,I,Pear,0.25,0.29,11.0
2671,SI2,J,Pear,0.25,0.29,9.0
2672,VS1,G,Pear,0.25,0.29,16.0
2673,VS1,H,Pear,0.25,0.29,15.0
2674,VS2,G,Pear,0.25,0.29,15.0
2675,VS2,H,Pear,0.25,0.29,14.0
2676,VVS1,E,Pear,0.25,0.29,23.0
2677,VVS1,F,Pear,0.25,0.29,20.0
2678,VVS2,E,Pear,0.25,0.29,20.0
2607,SI1,H,Pear,10.0,10.99,330.0
2679,VVS2,F,Pear,0.25,0.29,20.84
2608,SI2,H,Pear,10.0,10.99,245.0
2618,SI1,I,Pear,10.0,10.99,265.0
2619,SI2,I,Pear,10.0,10.99,220.0
2680,VS1,J,Round,0.25,0.3,23.54
160,IF,F,Round,0.4,0.49,37.45
2630,SI2,J,Pear,10.0,10.99,190.0
1,SI,IJ,Round,0.0,0.04,9.9
3,SI,IJ,Round,0.1,0.14,10.85
19,VVS,EF,Round,0.0,0.04,15.8
39,IF,E,Round,0.3,0.39,32.1
56,SI2,F,Round,0.3,0.39,21.4
73,VVS1,H,Round,0.3,0.39,26.75
92,I2,I,Round,0.3,0.39,7.49
107,VVS2,K,Round,0.3,0.39,17.12
128,VVS1,M,Round,0.3,0.39,16.05
147,I2,D,Round,0.4,0.49,12.84
166,SI2,F,Round,0.4,0.49,23.54
183,VVS1,H,Round,0.4,0.49,29.96
202,I2,I,Round,0.4,0.49,8.56
217,VVS2,K,Round,0.4,0.49,19.26
235,I2,L,Round,0.4,0.49,6.42
245,I1,M,Round,0.4,0.49,7.49
260,VVS1,E,Round,0.5,0.69,53.5
2606,VS2,H,Pear,10.0,10.99,430.0
2609,SI3,H,Pear,10.0,10.99,125.0
2610,I1,H,Pear,10.0,10.99,83.0
2611,I2,H,Pear,10.0,10.99,42.0
2612,I3,H,Pear,10.0,10.99,19.0
2613,IF,I,Pear,10.0,10.99,465.0
2614,VVS1,I,Pear,10.0,10.99,440.0
2615,VVS2,I,Pear,10.0,10.99,420.0
2616,VS1,I,Pear,10.0,10.99,370.0
2617,VS2,I,Pear,10.0,10.99,340.0
2620,SI3,I,Pear,10.0,10.99,115.0
2621,I1,I,Pear,10.0,10.99,78.0
2622,I2,I,Pear,10.0,10.99,40.0
2623,I3,I,Pear,10.0,10.99,18.0
2624,IF,J,Pear,10.0,10.99,340.0
2625,VVS1,J,Pear,10.0,10.99,330.0
2626,VVS2,J,Pear,10.0,10.99,310.0
2627,VS1,J,Pear,10.0,10.99,280.0
2628,VS2,J,Pear,10.0,10.99,260.0
2631,SI3,J,Pear,10.0,10.99,105.0
2632,I1,J,Pear,10.0,10.99,74.0
2633,I2,J,Pear,10.0,10.99,37.0
2634,I3,J,Pear,10.0,10.99,17.0
2635,IF,K,Pear,10.0,10.99,265.0
2636,VVS1,K,Pear,10.0,10.99,260.0
2637,VVS2,K,Pear,10.0,10.99,240.0
2638,VS1,K,Pear,10.0,10.99,230.0
2639,VS2,K,Pear,10.0,10.99,210.0
2640,SI1,K,Pear,10.0,10.99,180.0
2641,SI2,K,Pear,10.0,10.99,160.0
2642,SI3,K,Pear,10.0,10.99,95.0
2643,I1,K,Pear,10.0,10.99,70.0
2644,I2,K,Pear,10.0,10.99,34.0
2645,I3,K,Pear,10.0,10.99,16.0
2646,IF,L,Pear,10.0,10.99,180.0
2647,VVS1,L,Pear,10.0,10.99,170.0
2648,VVS2,L,Pear,10.0,10.99,165.0
2649,VS1,L,Pear,10.0,10.99,160.0
2650,VS2,L,Pear,10.0,10.99,150.0
2651,SI1,L,Pear,10.0,10.99,130.0
2652,SI2,L,Pear,10.0,10.99,115.0
2653,SI3,L,Pear,10.0,10.99,85.0
2654,I1,L,Pear,10.0,10.99,62.0
2655,I2,L,Pear,10.0,10.99,32.0
2656,I3,L,Pear,10.0,10.99,16.0
2657,IF,M,Pear,10.0,10.99,145.0
2658,VVS1,M,Pear,10.0,10.99,140.0
2659,VVS2,M,Pear,10.0,10.99,130.0
2660,VS1,M,Pear,10.0,10.99,120.0
2661,VS2,M,Pear,10.0,10.99,110.0
2662,SI1,M,Pear,10.0,10.99,100.0
2663,SI2,M,Pear,10.0,10.99,90.0
2664,SI3,M,Pear,10.0,10.99,70.0
2665,I1,M,Pear,10.0,10.99,53.0
2666,I2,M,Pear,10.0,10.99,30.0
2667,I3,M,Pear,10.0,10.99,15.0
2668,SI1,I,Pear,0.25,0.29,12.0
737,SI1,H,Round,1.5,1.99,95.23
859,SI2,I,Round,2.0,2.99,93.09
947,SI2,G,Round,3.0,3.99,149.8
1057,SI2,G,Round,4.0,4.99,181.9
1178,SI2,H,Round,5.0,5.99,208.65
1288,SI2,H,Round,10.0,10.99,310.3
1513,IF,I,Pear,0.4,0.49,20.0
1524,IF,J,Pear,0.4,0.49,18.0
2041,IF,G,Pear,1.5,1.99,102.0
2044,VS1,G,Pear,1.5,1.99,91.0
2080,SI2,J,Pear,1.5,1.99,47.0
2135,SI2,E,Pear,2.0,2.99,91.0
2155,VS2,G,Pear,2.0,2.99,123.0
2256,SI2,F,Pear,3.0,3.99,122.0
2277,SI1,H,Pear,3.0,3.99,124.0
2366,SI2,F,Pear,4.0,4.99,135.0
2409,SI1,J,Pear,4.0,4.99,113.0
2486,SI1,G,Pear,5.0,5.99,240.0
2498,SI2,H,Pear,5.0,5.99,160.0
2629,SI1,J,Pear,10.0,10.99,235.0
281,IF,G,Round,0.5,0.69,46.01
298,SI2,H,Round,0.5,0.69,26.75
315,VVS1,J,Round,0.5,0.69,29.96
334,I2,K,Round,0.5,0.69,10.7
349,VVS2,M,Round,0.5,0.69,19.26
352,SI1,M,Round,0.5,0.69,16.05
366,I1,D,Round,0.7,0.89,32.1
381,VVS1,F,Round,0.7,0.89,64.2
402,IF,H,Round,0.7,0.89,56.71
419,SI2,I,Round,0.7,0.89,31.03
436,VVS1,K,Round,0.7,0.89,32.1
455,I2,L,Round,0.7,0.89,11.77
469,VVS1,D,Round,0.9,0.99,121.98
480,VVS1,E,Round,0.9,0.99,107.0
500,I3,F,Round,0.9,0.99,14.98
517,SI1,H,Round,0.9,0.99,55.64
534,IF,J,Round,0.9,0.99,55.64
551,SI2,K,Round,0.9,0.99,33.17
568,VVS1,M,Round,0.9,0.99,35.31
586,I1,D,Round,1.0,1.49,50.29
596,SI3,E,Round,1.0,1.49,59.92
612,VVS1,G,Round,1.0,1.49,109.14
632,I3,H,Round,1.0,1.49,14.98
649,SI1,J,Round,1.0,1.49,56.71
666,IF,L,Round,1.0,1.49,51.36
683,SI2,M,Round,1.0,1.49,32.1
700,VVS1,E,Round,1.5,1.99,199.02
710,IF,F,Round,1.5,1.99,194.74
727,SI2,G,Round,1.5,1.99,80.25
744,VVS1,I,Round,1.5,1.99,96.3
770,SI1,K,Round,1.5,1.99,55.64
787,IF,M,Round,1.5,1.99,51.36
804,SI2,D,Round,2.0,2.99,128.4
748,SI1,I,Round,1.5,1.99,82.39
825,SI1,F,Round,2.0,2.99,144.45
842,IF,H,Round,2.0,2.99,181.9
860,SI3,I,Round,2.0,2.99,64.2
876,VVS1,K,Round,2.0,2.99,94.16
897,IF,M,Round,2.0,2.99,73.83
915,SI3,D,Round,3.0,3.99,101.65
931,VVS1,F,Round,3.0,3.99,454.75
940,I3,F,Round,3.0,3.99,20.33
959,SI3,H,Round,3.0,3.99,80.25
975,VVS1,J,Round,3.0,3.99,160.5
997,VVS1,L,Round,3.0,3.99,107.0
1016,I2,M,Round,3.0,3.99,26.75
1034,SI1,E,Round,4.0,4.99,278.2
1052,VVS1,G,Round,4.0,4.99,444.05
1061,I3,G,Round,4.0,4.99,21.4
1080,SI3,I,Round,4.0,4.99,85.6
1096,VVS1,K,Round,4.0,4.99,176.55
1117,IF,M,Round,4.0,4.99,117.7
1135,SI3,D,Round,5.0,5.99,123.05
1151,VVS1,F,Round,5.0,5.99,797.15
1173,VVS1,H,Round,5.0,5.99,460.1
1195,VVS1,J,Round,5.0,5.99,267.5
1215,I3,K,Round,5.0,5.99,19.26
1232,SI1,M,Round,5.0,5.99,101.65
1250,VVS1,E,Round,10.0,10.99,1358.9
1271,IF,G,Round,10.0,10.99,995.1
1200,SI2,J,Round,5.0,5.99,160.5
1304,IF,J,Round,10.0,10.99,438.7
1322,SI3,K,Round,10.0,10.99,107.0
1338,VVS1,M,Round,10.0,10.99,197.95
1358,I3,D,Pear,0.3,0.39,6.0
1375,SI1,F,Pear,0.3,0.39,15.0
1392,IF,H,Pear,0.3,0.39,18.0
1421,SI3,J,Pear,0.3,0.39,8.0
1438,VVS2,L,Pear,0.3,0.39,9.0
1455,I1,M,Pear,0.3,0.39,4.0
1472,VS1,E,Pear,0.4,0.49,24.0
1489,I2,F,Pear,0.4,0.49,8.0
1506,VS2,H,Pear,0.4,0.49,18.0
1526,VVS2,J,Pear,0.4,0.49,16.0
1529,SI1,J,Pear,0.4,0.49,13.0
1546,IF,L,Pear,0.4,0.49,12.0
1563,SI2,M,Pear,0.4,0.49,7.0
1580,VVS1,E,Pear,0.5,0.69,35.0
1597,SI3,F,Pear,0.5,0.69,18.0
1614,VVS2,H,Pear,0.5,0.69,26.0
1631,I1,I,Pear,0.5,0.69,13.0
1646,VVS1,K,Pear,0.5,0.69,16.0
1649,VS2,K,Pear,0.5,0.69,15.0
1666,I3,L,Pear,0.5,0.69,5.0
1683,SI1,D,Pear,0.7,0.89,42.0
1700,IF,F,Pear,0.7,0.89,48.0
1717,SI2,G,Pear,0.7,0.89,28.0
1734,VVS1,I,Pear,0.7,0.89,32.0
1751,SI3,J,Pear,0.7,0.89,18.0
1766,IF,L,Pear,0.7,0.89,20.0
1769,VS1,L,Pear,0.7,0.89,18.0
1786,I2,M,Pear,0.7,0.89,8.0
1803,VS2,E,Pear,0.9,0.99,55.0
1820,I3,F,Pear,0.9,0.99,10.0
1837,SI1,H,Pear,0.9,0.99,44.0
1854,IF,J,Pear,0.9,0.99,39.0
1871,SI2,K,Pear,0.9,0.99,25.0
1886,I3,L,Pear,0.9,0.99,7.0
1889,VVS2,M,Pear,0.9,0.99,20.0
1906,I1,D,Pear,1.0,1.49,34.0
1923,VS1,F,Pear,1.0,1.49,70.0
1940,I2,G,Pear,1.0,1.49,20.0
1957,VS2,I,Pear,1.0,1.49,47.0
1974,I3,J,Pear,1.0,1.49,9.0
1991,SI1,L,Pear,1.0,1.49,26.0
2021,VVS2,E,Pear,1.5,1.99,117.0
2038,I1,F,Pear,1.5,1.99,38.0
2071,I1,I,Pear,1.5,1.99,32.0
2093,I1,K,Pear,1.5,1.99,26.0
2110,VS1,M,Pear,1.5,1.99,29.0
2127,I2,D,Pear,2.0,2.99,28.0
2145,SI1,F,Pear,2.0,2.99,115.0
2170,I1,H,Pear,2.0,2.99,41.0
2193,I2,J,Pear,2.0,2.99,19.0
2210,VS2,L,Pear,2.0,2.99,42.0
2227,I3,M,Pear,2.0,2.99,9.0
2257,SI3,F,Pear,3.0,3.99,76.0
2276,VS2,H,Pear,3.0,3.99,145.0
2296,VVS2,J,Pear,3.0,3.99,110.0
2315,I3,K,Pear,3.0,3.99,12.0
2332,SI1,M,Pear,3.0,3.99,45.0
2350,VVS1,E,Pear,4.0,4.99,440.0
2378,SI3,G,Pear,4.0,4.99,79.0
2396,VS1,I,Pear,4.0,4.99,180.0
2416,VVS1,K,Pear,4.0,4.99,120.0
2433,SI3,L,Pear,4.0,4.99,45.0
2450,VVS2,D,Pear,5.0,5.99,630.0
2470,IF,F,Pear,5.0,5.99,590.0
2499,SI3,H,Pear,5.0,5.99,85.0
2518,VS2,J,Pear,5.0,5.99,160.0
2536,IF,L,Pear,5.0,5.99,115.0
2553,SI2,M,Pear,5.0,5.99,63.0
2572,VS1,E,Pear,10.0,10.99,870.0
2590,I3,F,Pear,10.0,10.99,21.0
